address,symbol,name,decimals,total_supply,block_number
0x0b11150bc5f4fbe0ae20df1c61968d6dfce6cf55,üê´,Murex Coin,0,,
0x7310d8f7b41374a11a128b16c9f2439c265e0f2f,P,Gozi,2,10000,
0xadc46ff5434910bd17b24ffb429e585223287d7f,,,8,200000000000,
0x3e254e363458d1f06f2d67bbd95fda726c7c57a5,Wh,Active PD,,,
0xac514f05160d2723aa7fb27bf98abf347dd26d2d,,,0,,
0x6131c42fa982e56929107413a9d526fd99405560,,,1,2121837249362470000000,
0x01a71ede8c75403f5bd4108a727cd6c0d2347651,mad,madonna,0,,
0x9863cdc84dccd6615c0fa94771b83e3e42a2bdb5,,,,1000000,
0x59717002953f51ba30ffbc944b187629b81b301d,*,OlpinCoin,0,,
0x74e63de44721c2ffc1d03b3046b1b251f9ed4a90,DAE,Daemon Shares,0,,
0x3550c15cfa90a26ebc6bdb5c557da5327c0e49ba,MFT,My First Token,2,100000,
0xbe1c8694b8457b4f8dd06eb11d236b4aa4d5b2b9,DAC,TheDAC,0,1000000000000000000,
0xd3e9a471d35601f6af62816953071c03debf0b33,,,,,
0x06bb6701983e126f31a4c20d6becb12dfd70709e,DTT,Dog Test Token2,18,1000000000000000000000000000,
0x3956a8fef0a047a10170620293c84fd68507335a,%,TKS,0,,
0x11db9be2cb7ef1e61e7021866f531360e20e5cfd,Cr,lonshakov credit,0,1000000000,
0x4901f8284145d771237f93e9d8d266eb0c947d7d,DAN,DanCoin,0,1000000,
0x7660727d3cb947e807acead927ef3ede24c4a18d,,,,1111055400000500010,
0xfb1097701a3794700159f4d0c6d35205408f5fee,PZZ,Pizza Token,0,200,
0xbcf899e6c7d9d5a215ab1e3444c86806fa854c76,,,1,30696803822257100000000,
0x95c7e9696014b0b16ea612215fb54d3d76dab76e,%,Renato Furtado,2,,
0x9bf2fbe8f9d844d64ad94fdf8a5c2d7bf3f7658c,VRT,VIURE Founder's Token,2,125000,
0x33f36a9552d17dc455354f532dc2628863f7ebee,[MT],MyToken,2,1,
0x864233a06d8b8a41970e03750abbca510fd61fab,Âç§,SaltCoin,4,100000,
0x4960b83719cbd574d131798402b837957b9dc1e3,E,EtherDollar,4,,
0x5147a804d7e5fe983d5bdab0073621cad3ed1c92,MENTAS,%,2,10000,
0x4dc32face4209f052787de6a787024256ac9b709,SBX,Simon Bucks,4,1000000,
0x39771e2d34eda36a49ff4fa4194d7fcb839165da,,,1,162465225169082000000,
0x183acd4c8a83a01229b434af39702b4f8fc896fb,$$$,Pesos,2,100000000000000,
0x016dcbef5fa51f354064d505288f3908d84b6411,D,Dinar,4,,
0xf86be8372c7d9626dfbe5f07907b8853cfc60351,üåÄ SHARE,noxonfund.com,0,0,
0x2c9146d3d9cce80a3ddbba671096999751a05c9f,Èá∑,Thorium,0,100000000,
0xc3206a22bfb1d9123d081fe21ecec482390ec8ca,%,Smart Contract Token,2,100000000,
0x131288b47c92409d0778d0aa2fbb8367e3399d33,,,,,
0xef9c4ca954fc6f92c8873b1f37b9d862372b850c,!,indicoin,2,,
0xc064f10ad2249ac4294aaf89cb762253c601241e,CoinexCNY,CoinexCNY,2,120000000,
0x805f0bc336c798e11a319eb78c45cada920290f9,,,,,
0xb3c668c2332ae9cbd352bbd9362b5c920affa982,%,Testcoin,2,10000,
0xf8cd93410f5a6f9ded82e6d691285d49eddc3472,@,gadgets,0,,
0x927e57532ad8468515bb026df6dc29428911b26c,SUC,Sustcoin,,,
0x0487fa5bc4fc925b934a6adfb8677911eac01a45,P,PaceO,2,1000000,
0xf803b9062e4a1975de5b176d6987777b9e20ca74,√ü,Blakecoin,0,100,
0x09b084cbd502f5a3ad5bdd46bd4ae565e4c53089,,,0,18059123994785100000,
0x2d95fd46a9de978d9e4ab9eda0d8559515c3a401,…Éc,BalsamCoins,2,,
0xab890b80eddfd10336de9f60e8a42e980df0e2e2,TNT,Test Network Token,18,1513292682926830000000,
0x37c62a5d668d574b00f4ab098f24ebbf95fb9853,OC,Octy Coin,0,,
0xca11327cbf2da643eceab60071381748b0f779df,G,GLY,8,11100000000000000000,
0x7e45c6613cae0be366fd2fc677011a3afaedb9f4,TMC,TimeCoin,0,,
0xe3ee9156a51e593cd13f2a2bfc30035feae4f2fb,S,Strat,0,100,
0x0ea42af3a27ed36f12c209c6ef9f599651729608,%,Turnip,2,,
0x94f27b5141e17dd8816242d752c7be8e6764bd22,ETH,ETHER,8,,
0x87148e1e98a69adf4a4fb27344baf9c08d533442,‚ô•,favs.pw,1,,
0x55e7c4a77821d5c50b4570b08f9f92896a25e012,P+,GreenPower,,4853884,
0x1faeec45fb4cbac9ee4301e4f2640d2cf908faea,T-A,Test token A,0,100,
0x530c4141bc92c0772bbb871b5b33e41e1f2957f6,%,Walker Evan,2,,
0x081bb738081b81addc39b40a94f9da135a6d3bcf,TURNIP,Turnip,0,13000,
0x99e7dc40d6fb46c1f9d40984cc04c85cbcb694d1,ETH,ETHER,,,
0x7789d991d2552f94066a9b273cd65c8cd763c227,D,Dinar,0,,
0x0631d307221b70cc4c8ada377de03a12b73d7efe,%,MyToken,2,,
0x6fff74cc44da455ba36dfbc1e4029d35fab5a62d,JTD,JSB Test DAO,2,10000,
0x25c6413359059694a7fca8e599ae39ce1c944da2,E,EtherDollar,4,,
0x9df2a2296c378a7a56dcda1bc18906045b299673,TM,Token with minting,2,105299,
0x1975bd06d486162d5dc297798dfc41edd5d160a7,,,1,989001281201759000000,
0x8ce6af0aad2676659116cf57fb44eebf37dfacce,SEX,Stevie Sex Coin,44,,
0x19e53f65918a7bd89640f7ce877a358ae7e1e3c1,%,Test shares,2,,
0xd7bf41bbc8979b3821851b871f055f4ae62b2299,5ea56e7bfd92b168fc18e421da0088bf,Jam Coin,2,,
0xe5fa2a93d09c7f44c73bbd5850ef0c9c610edf70,%,Wingnuts,2,,
0xa0feaf0070267a593d30c1f52874ff68e18d1c77,GIVE,CharityDAO Token,18,300600000000000000000,
0x744f580a064f76e5568681acf26eca8d38f0f9e1,%,pieshopcoin,2,,
0xf0c1162ff7f3119a35842609f49af1087a5816de,,,,,
0xe3adaf4aa94c47930bbda32db823dcfb296472ca,oz t,Bezant,,,
0x3d06638c2bc064b2dc63ee9528558b7fe7b5a8ad,BRN,BRENDA,2,10000,
0x3c4155a609303d205ef3751ff6bffa69b9011409,BB,Asset B,0,,
0x41a7820c86f4bea29e6c9239aeb0fbdba12dd790,ü¶Ñ,Unicorns,0,0,
0xbb70744d47d668e5f62fe04da6a24210b08de8cd,,,,,
0x4a8f4077d89ebf11fcf1c4b2103eb307af46b72d,BFXD,Bitfinex Debt Coin,2,8000000000,
0x7099d016b4a8dfb0388f949e01b551ea1790bf2f,E,EtherDollar,4,,
0x5a4dc70cf3b6af5ec4386c7d2deac1bb341518ff,,,,,
0x74c1e4b8cae59269ec1d85d3d4f324396048f4ac,,,,94,
0x87adf4d3e1eb630d41405c6ea5c0021c5b6614ff,NXTGEN,NextGeneration,2,,
0xf8c5d9608790974068051389378cc579cd09c93c,test,test6,0,1000000000000000000,
0xe4a55b6936e70bdca576e48d811c207091933176,TAR,Tartu Kroon,2,1000,
0x4df812f6064def1e5e029f1ca858777cc98d2d81,XAUR,Xaurum,8,7118613899216098,
0xfe1a96cd0bfb3245d83808b9aba6538576145920,,,,1123265295,
0x66f676abcdf777506aecde0b7725da613be80e32,¬ß,Deposit Box KeyCoins,2,,
0xfdc40df608b10d1ea9ca81a23ea4161c12893ec1,,,8,50016331999,
0x53654a587a30485c2c2928ebac27f97edfa98b8a,P,POINT,2,,
0x9325f6e7767d61d934d118433666d1120863bdcd,DAC,TheDAC,0,1000000000000000000,
0x360897befc5b67346c01ca1534d622373c884239,,,,5000000000000,
0xa7f4e26da8d5fee8f44a0e3d536101b26d507bf8,,,,1000000,
0x4c2611a030d4d8e7b786881b49126b05abcf4720,$kwh,mykwh,,,
0x6c0fea3ef86ec0e713bb6329b324b8edc03d0c48,,,0,,
0xf815f4ba974d906b7d0e34ff9f74b316f509c7a1,CY,XCoin,4,,
0x89205a3a3b2a69de6dbf7f01ed13b2108b2c43e7,ü¶Ñ,Unicorns,0,2712,
0x364a12e9f53998e46489f50c295907882a2291db,IRR,eRial.org,0,1,
0x62b7105b1b0e25eba8245b4d3c909806506f0ac1,Wh,GProd,,,
0xb37ba27aca4ec4fe601d7de26caf54a9694a0207,DD,mynexttoken,3,100000,
0xb51415543f8658209a41a25c727c972c2b92b0be,üåÆüöÄ,Chubbs,0,,
0xb7e74c6465a8f32832da5ab3c1d4fda9846e69a1,O$,Originals,6,,
0xcf0178f7dc07f1b5633c209a715ac4f46f7df271,√†,A Coin,2,,
0xb8de8854cdafc06a4ed52dd995fddfaa06fd7f2f,BB,Asset B,0,,
0xa85a29caeadddc0c0af113fb5ceadc563302983b,,,,10000,
0x1935a4b7f78accb76177d1d28ff62b58e48a0d71,DCD,decode,0,10000,
0x5d49d090ba58d4443e9ed06fa0f6d036914480c6,,,,,
0x5af119927971d2f2b4465105a31795042318e176,,,0,2000000000000000000,
0xf935f0769b02141c010c48bc4e9ab7f9f30d8bd2,wind,windpark,,,
0x2bdb4d227c1af2420beef5911139d9a330544823,,,0,,
0xea996ccae00acf23e50f3c41ebd35535b4fef5d8,,,0,83855529385339772,
0x77adce6516de9f4ccbfaa038b79838d87b2daa39,EDM,ETHDEMO,4,20000000000,
0xfe03def157254e5e488c318edfbca5bd88934553,VTX,Verify Token,3,10000,
0xe72d832f6bb125d86367daf89df6a36be8021742,A,AndCoin,2,,
0x79f5e2f3c6640c5f63ecea0297ab7eee9e59274e,¬∞,Shilings,2,21000000,
0x9a84bc0aeeeac5db2fb8be45f42d1be38e371703,BCDN005,BCDN005,15,1000000000000000000000000,
0xe6d055f7db44ff34698627f115fd0236470fabbb,B3,B3,0,10000,
0xd4557aa78a390cadbfe74f3ecfc5ca9b483de5ff,,,,,
0xb83cab8babc0b9298df5d5283c30bf0d89d23b1e,ü§ó,HugCoin,,,
0x12403dc904edc805fd0cbeedd1049ba0c1b53a04,Strippers,$7RIP$,2,24711,
0x046581f34b72334f8e511282cc0d18ebda728e97,@,Fierce Coin,2,,
0x2b2005ab0aedf299e15bbef316d31104e18ffcf3,\xd0,–ú–æ–Ω–µ,2,100000,
0xee307e33824e19bdea1f139e4ade59241976aeac,√ï,Oskar Blowjob,1,46,
0xd253bd5c53d343a912281f2691902acced82963f,BT9,Beta9,1,,
0xf3438f63e02cda4ab74660a780d151838cf322a1,SVN - TA,Sovereign - Test Alpha,2,,
0xc5e8b9ff6da4640812eb5aa866d7baebf49ea03a,%,Gallecoin,2,,
0xf2565886a098c86d532ae2780470a7fe56bac158,LC,LawCoin,3,,
0xd01f7eec023f87f18bb5f3850eceb8dcbac5c0e7,%,Jerry,2,,
0xb590f448d338152f465a39c1455a87b9bcca4dfe,SST,SST,0,1000000,
0xe1e22ddbff3d6ecc8e9a4ac5af8f9192b91c28dd,,Ubersoft Class B Common Shares,0,,
0xd089d039cc8276b3a46507027120f0311aceec90,M,Mort,,1000000,
0xcc4bfbb732678c615e19c2728e5e626a3c147f69,SHA,SHANA,0,1000000,
0x9ea98e2c9048109467a8d8d9cf3bd4ae79f24744,üòá,Test Campus Coin,2,,
0x75587c488240ac3fe9efefd70631fd639ce8deb9,PIœÑ,Property Investment Token,2,25000,
0x6416ea38216f6553f3353ac184b00bf6b1b3eb66,MTC,MATCOIN,2,,
0x3250f7853a66f8b4c7771b8ba60a801d97e3d1d4,BSCO,boscocoin,16,0,
0x5f100ebe48ae9c5396dd059dd0d8f4447f12a9e0,,,0,,
0x5dbb39024a21bbf8ac5a6be7f4ef899f97acf6dd,RES,Reserve,2,,
0x7438de8d3f553609fdf9f26a8734ad3b6bc0fd19,T1,test1,1,1000,
0xd63abfaa9df6b201e321e9a203ac899d1751af19,B,bagcoin,8,10000000000000000,
0x9a526b18eeb7195b7324f7271fc02c6b5e11ff5e,,,,63612112715000000000,
0x6674467c0d3e9689459f4f6c3043c79994d6278e,Wh,GMbalancerIN,,,
0x5dc71a78717e83685a47143422e59ecdb550a5e7,¬¢,¬¢ode¬¢oin,3,,
0xe330445b38a4506b13eccfadf9b2ecf54e2cf8b4,etb,ethbit,4,2000000000,
0xb582baaf5e749d6aa98a22355a9d08b4c4d013c8,HKG,HackerGold,3,,
0x61c029e089821313f127f5a97febc6a46eae2da6,%,Vyktoryan Central Bank Shares,2,,
0xc1829d712c8123d85e9b362f4dc7d8753f8259a1,OLI,Ollie Coins,0,1000000,
0x2de700d9fdb8b80af8cef9aa7c46f98304ff8bcd,,,,1000000,
0x348809661459afbb7f4371e252bb87199e9f1ac8,,,0,100000000,
0xdcc03ff18febdee3b12cdbd995eee7b7cba82fba,üåÄ SHARE,noxonfund.com,0,1,
0xc7b825f7eecd714d0db6dd5711120a52b0ed0e87,XEB,ebatka,2,1000000,
0xd7e021cd9096cc0ca642828c1045eb10c6b1ff2e,¬ß,MyString,8,,
0x5d1abccf390dcf28e6fe50095750a573c4a9c130,ALZ,Allianz,0,100,
0x295f8b4790e4b46169604cb9c8a6fd7edff03422,üåÄ SHARE,noxonfund.com,0,0,
0x8cb66fa82b4faf5b71d8d6c3ba43a775ab43f76b,CFR,CryptoFR Coin,8,,
0x7d58602d4dfbe6957ead084c1b6f33767b5c9863,LUV ,Love üíó ,0,,
0x07d66cff812847b2d2227628c9662818201878af,ADB,ANDY BUCKS,5,1000000,
0x57d90b64a1a57749b0f932f1a3395792e12e7055,,,,21265524714464,
0xe4ae1efdfc53b73893af49113d8694a057b9c0d1,,,1,5000006477258637377,
0x9fa2f1ddb7056dc5bd16ce85a0dbb145a4062d9b,%,My DAO shares,49,,
0xc89886ea1a98255087066bc30e45fcaa320730bd,Z‚â°N,Z‚â°N Coin,2,100000,
0x2dda158a8720a4ec2d4a6a490df9b979e27a0ce0,t,tuna,0,,
0x10abb5efecdc09581f8b7cb95791fe2936790b4e,,,1,38353864815688900000000,
0xf67bdfacee8374b15e4006fd292db100e9e015fe,FUN,Founder's Token,2,150000,
0xb31142ca6b76d8c8a725d32bd2b6088754e5b30e,o,Solo Coin,0,,
0x17d0c2b4b85e506d2fbf971253ec3973e34a1581,BML,BitSpread Market Neutral Liquidity,2,1000000,
0x28d5113fb69ccad891cb1f88530b7bcf44225da6,P-,GreyPower,,135495069,
0x6baa78624aa3bef6307cc8c4246787d0d5f8a061,F,FAN,2,1000000,
0x1cd4a3b41a0b8f5638bf464ac71653a09ccb2d28,,,0,5077324520677816623,
0x0be6d73fe3899575dd54ded96567b09f73d9cc2f,DOM,Domcoin,3,,
0xb27bdddd8722fd1440c11658f87fe9a28c4edcdd,,,0,5000000000000,
0x5847610405ffa7fc86f8a60ec7171676f1ea4afa,VTX,Verify Token,3,10000,
0xdca271f70135cbeec0e7cfef7d3f697c8812dca0,FUN,loftVR Founders Token,2,150000,
0x6cbb83a12d135229f79b931e48f3d4ab5dc6c02f,üç¨,KANDY,3,10000,
0x3e485b680d8dff45e7d7880490ebe5514d369797,PSC,PAYSAFECOIN,7,16000000000000,
0x63a8c79612209aae5dd1ff32ed3d64ddc301bc49,,,,,
0x5b1caf6818c35298043a34a387895682615734d1,ac,acoin,7,,
0x7437b4ece9858f881c5f0e6da183da6ac97d5520,,,,,
0x4ae75fee889d57d3229817565032bf428cb9b673,%,Neuroware Sdn Bhd,2,10000,
0xd765b7f09e5a89330ea00ddff8ac37f5ef994dd2,‚àö,GLY,2,2100000000,
0x4e10cfe992521d0334adeaf5a8f9daaebf13696a,BB,Asset B,0,,
0xb244abeae1a7e1e5d6da9008098bbeecec067c56,DAC,TheDAC,0,1000000000000000000,
0xe24e705564cd068a6da6bee02203e2a2d34b97ed,,,,,
0xf40f6093d0bc6c174ba3bccf1e3d7d6714a7583e,%,Steak Festival,2,,
0xe09b61f38164bc02dcd2fe4bfc1fe88ec3304c96,SBX,Simon Bucks,2,1000000,
0x3456f6ea53a44d9bdf0d3da99254860531cb0af5,DAC,TheDAC,0,1000000000000000000,
0x753e60b81977d220848fa1111a12978394cfcd6e,GDC,Grand Champion Coin,4,3900000000000,
0x4ff5794792ae51d02cb9b6bfd67114bd577afe70,ü§ñ,aBots,2,100000000,
0x0b691a381c9dfc1aa2cd0d68534393e008069805,Euro,energiedebet,2,,
0x6fcb59c7ebab751a885bb88a55f3761888248da0,,Turnip,0,,
0x340e62412e8e661908305d1351de5d556fa7be4c,P,POINT,6,,
0x5d2b2e6fcbe3b11d26b525e085ff818dae332479,,,1,5000006477258637377,
0xc6c0569ca7dd9d7f2903cc40b495d8205ea13012,$,MCT,2,,
0xbbd265bafb9b1ee8b6581bcf6435bbc2b8a210f8,…É,BiafraCoin,8,0,
0xd7e281b82becb8c82abc4272d2190e0486fc6d6e,,,,1500000000,
0x1c4112b81a5bfb3288573c8d5b8fecc8504ac59d,EUR,Euro,2,25800,
0x0aceff7781db707ba2100a1bb4d54196a496d014,√∏,Unkn√∏wn,2,,
0x42de082f84a45648e3ec51a55c5aa9a6e082f90f,D,Dinar,0,,
0xb136707642a4ea12fb4bae820f03d2562ebff487,,,1,7277385711515430000000000,
0xaae6b19867d40aa105c7256b44010d79dbdaa031,XXSMS,SMShares,8,100000000000000000,
0xb2f296096688ef6103bbe72af4848d560600155f,,,,99442326,
0x2f9b4fad3193d0f7b6e57bf0b8fed6b940915955,TT,TaxTest,,41,
0xefd98ff04917ec82822eb5c9576305253bad1a7e,%,AyeAyeCoin,0,,
0x4ade094a11f3708559349d3124f90b78008d188c,¬§,FrancVince,2,250000,
0xc2d5ca636eb763f77682d1a640962519fe64cf46,Wh,PowerToken,0,,
0xeb8986bde53ee86ec8eec367a2823904d35f23e9,,,,,
0xc66ea802717bfb9833400264dd12c2bceaa34a6d,,,,1000000000000000000000000,
0xf8f31c1cd8c63f8a8b36530996397bf1ada3363f,ASH,Airalab Shares,0,10000,
0xb86b20199672b2ef5279189d3a4471542f5604a1,TOKENONE,Token One (Test),8,10000,
0x6777c314b412f0196aca852632969f63e7971340,kissBTC,kissBTC,8,6772647,
0xfec8bb460c2501b8c1d4801f34b4408c1fbbccb1,,,2,150000,
0x5d3b0435fe87df24bf3cb51fb71882146af2233a,GLY,GLYCASH,8,100000000000000000,
0xaec2e87e0a235266d9c5adc9deb4b2e29b54d009,SNGLS,SingularDTV,0,1000000000,
0x1483b71db097b906dde4939ad3fb00c1d36dc076,,"Cisco Systems, Inc.",0,1633877,
0xc86d80c114957b4cf82e8ce87e3f55217688c56d,CLC,CoolCoin,2,,
0x14d2df0b60ac494d70eef19f8cf08afef4b90031,AA,Asset A,0,,
0xb237c9083633a7ee73f8369cec362c501d5bba16,%,MB COIN,2,,
0x45e703a12cbd8e40bc778e2ae66ffdc70b96b0ba,%,MyEther,2,,
0xf40b86dc247329b7e9de33b89ab1b89993293099,FLC,Flower Coin,18,1000,
0x042835e6b091fe13ac52908d67a7345ed2dabed1,test,test,16,10000000000,
0xe755479419ace948817668b4e8e797794e85e322,CR,Cherry,1,1000000,
0x0bf43e7408959fe8030d3729760f179403a20147,Karma,Hash DB Token,0,1,
0x8360c91b02e60e4c1db4e2d298e2f2c441d1aca4,CFC,Color Fortune Coin,4,2000000000000,
0x7e60dd5e7b7604aa171c43456a3bc783a5b5df6d,√∏,BSKcoin,0,,
0x596140b926f9284c49e4f712d277b01d6b62d5f2,,,0,0,
0xd41b7c79d5027284504b80245b809dfacaba17a2,ƒê,Dukat,2,,
0xf49a7972ab07875c9cf9288bbecedce50872fded,,,,1000,
0x203ccf4a405f4ed72d2ae700d9b1899e9f9af1e1,‚òÉ,ETHDEMO,4,10000000000,
0x200450f06520bdd6c527622a273333384d870efb,,,1,1250001619314660000000,
0xef2f1b5126cf87fa5942f46d776a539f1894baaa,,,,20521348861614,
0xd22be95a5f08fceb5507769c8adccc2be055cf8e,E,My D2,2,200000,
0x569348f5204f0491a137c0b8bd5b0ab72c5a659c,NEWB,Newbium,0,49000000,
0xff95fbb77852c846724ce4fa140ca25f31a90bb0,ROUND,ROUND,18,1000000000000000000000000000,
0x45ce4512de50cb0c8d0b90030236d12c111dcea7,#,bluadwiesn.at,2,,
0xa3151a4c5137d035d727859039f97244ac2f97be,ƒá,C Coin,2,,
0x19e71b2a3ec074e9f6b2b34333cfccf4e3dd05b3,BCDN001,BCDN001,16,0,
0x5eebdca5c7ccbd770c4825f97dc46f68e59a31a1,%,SCSHARES,2,,
0x9d49b41a5fc73311885716043546c10dd4c5d372,TOY,Toybox,0,100000,
0x5c6e67ccd5849c0d29219c4f95f1a7a93b3f5dc5,,,1,746359658653057000000,
0xccbe8e7dde1a54e1d542117b4639dbca05d3cd00,KRZ,Kraze,8,,
0xc446477e8a5da5d114a08a2b097cf922ed7b08a8,AA,Asset A,0,,
0xdf5f4680797a9280f452325f70ef7200f676f11f,DFS,DAO Factory Shares,0,10000,
0x4508e985f66517d72065da4c5c60de3c94f1c9c3,%,streamcoin,2,,
0xc0beeebef72d75842e75929c8f6c1b19f3dea23d,,,0,1001,
0xf3d29fb98d2dc5e78c87198deef99377345fd6f1,BIP,BITPARK,8,10000000000000000,
0x89cedd4a7e830ad3a33b161487c4501b24dbb159,%,MyGDAO,2,,
0x542a9515200d14b68e934e9830d91645a980dd7a,,,1,12548783143344600000000,
0xf87840900718e5b2b161d16fc06ad55265b57237,Rz,ReZ,10,1000,
0x00af5860704c69ecf3dafbef4dd62fe0f284fe34,%,Pan-African Dinar,2,200000000,
0x88f99761754c7c2d866c548ba65fadcbc4a84dd8,,,,,
0xa4ec4a51aa00430a752eb37206d47263b5fc657a,,,,250000000000000,
0xc8d822438d7777ed36c96fa817cac8a5229ee2d2,SCDT,SwissCoastDaoToken,2,100000,
0x35a051a0010aba705c9008d7a7eff6fb88f6ea7b,,,1,15276059789372400000,
0x56099e6ec5e7fbcc1c5e7343babe1a2c649e5ace,$,ÈÄçÈÅ•ËÇ°,4,,
0x45ccf64e195c6a253a5354b8df0916e54322a463,STUT,Steemit Up Token,18,100,
0xd0c65c2098ffab73592900a511faeb6f8ec6732e,üúé,PhiliCoin,2,,
0x5a213a69cdaccd9d8ffc770d0c8b3678056fd27c,MARISAS,MARISA,10,1000000,
0x90c9860b053f79442e08ac55bc689b0db669fe4f,$wind,windaandeel,,,
0x059cfa8630065eaef7db234745407c9b5175e0c7,,,,,
0xb35028c75971d54d47ea0262aa9434c384e5dcd1,%,TTMCoin,2,,
0x31eddd9732e2f47dd7da3a2d88d4c2b3e150e0ee,$,Athos Coin,2,,
0xf658b4f4dfcbee03975b3295282bf8fa03672583,OO,OOToken,2,0,
0x28f9eece184ddf04f93c6bd8977924f7f62308bd,,,,,
0x4f50cc441a759e4f123d847cd5ea18e6ad04b43e,‘®,Hashcoin,0,,
0x972e21a7047a289bec59673a5015eeb16884a75f,TCS,TestCoins,4,1000000,
0xd2604bfc81ee6bf2b01a42e3f052ee8de741b7d2,%,Test Contract,2,10000,
0xb2ea137dd4da22f3b4b269fb9a5349d46d70eabd,Au,Gold Bar,0,,
0xd82a1b174822778dfaa385529468577b700749a1,AI,AI,0,,
0x6d4de8732d6d059decaabea0e792a28668d5dba4,DCT,DianstyCoinToken,6,,
0x409af1ea553d377d01af943d86b2309ee3a65039,GLY,GLYCASH,8,100000000000000000,
0x26d507675a7dcbd7214b156d959351558386aa3b,BS,Black Swan,0,,
0x8e13c73674f1f88c8f1485ea46dedeff24af3ca4,‚ôÇ‚Ç°‚òø,Cooperate.Center Coin,0,108000001,
0xb2b64e8952ee198738e485c1de490019ee9a720c,D,Dinar,0,,
0xb5dccc207bf104a1ac5390033231f59250923fcd,ZP,Zoop,0,1000000,
0x448fae87f7f5b58c6f215abd53d5cd8125e733c5,,,0,5000000000000,
0x0cb10aac70598245491c920d6c84884bd9409148,NxC,Nexium,3,,
0xf1e68897c6fe2acd54096fd694da03a6a403bbef,%,My DAO Shares,0,,
0x80577b301a7dc1effd0beec59e18b2b6046ac3d1,BAUTEST,BAU Test,9,1000000,
0xdb9b352d66428854fe35a170b23176a4e95d6fa9,EXT,EXT,0,500000000,
0xb6c0a530020d33ced7b9cd0178ee952323d4dbf1,,,,,
0xb7d533ea6aa3d25b70db67e65daf24df256e62bf,‡ºÖ,PewCoin,2,,
0xda0bf6b712adfbbabf3b2bb9f36856e6ae665525,AA,Asset A,0,,
0x9f982e69b52df06ad5977de6a09c0db8fa559931,LOW,LowCoin,8,10000000000000000,
0xb636a8e7ec2df90e6e6e5b6c59c575f4ad64c3e4,BCDN,BlockCDN,16,104750594414062500,
0x5a6c04f658f108a560db20dc920b80c9e26b1d96,D,Drago,0,,
0x2c19c7f9ae8b751e37aeb2d93a699722395ae18f,,,1,798519214441755701,
0x836f3d4f90e16abcca5a2ae32734fec7851861dc,%,Tester,2,,
0x9d98635cbfd346de74b4ad234382adc2aa73ddd4,,,,1000000000,
0x3ad4dd43f9732608184d0401d8769c2ab75bdd91,%,DAO Shares,2,10000,
0x4c286d0dc2c994e73a6fcd08c7e42dc01713f167,OSM,One  Struggle More,4,900000000,
0x2608d318f2a76a0a4c3b9b3be03c4af97e9353ae,AA,Asset A,0,,
0xbb44a50a9956315981f55c14f9319452dce4684d,HPT,Hot Potatoe,0,1,
0xde5b7296281fb0c0a0af02db7ef38f7530150b22,$,Squanch,2,991000000,
0xe68ca4cb6749e484332d6881137ffaf87f263631,,,8,297000000,
0x70f6320f7269811a217d900cb0483dd7735cf782,eRMB,eRMB,2,,
0xd2b0fb4a6c87c40c4b0d6d6b81e0f2db9d45df3e,%,FirstTokenYo,2,,
0xe82ff289b310b9a3a0652c46f8835d533c5a9bf4,BT3,Beta3,1,,
0xb2ae29ba0726bcbac2834544a653ac2cd1992bc2,VTT,Virtual Test Token,0,10000,
0x339c348005ef191b326d67c3d980f0afa4c7575d,$LVS,Aquarius Funds Shares,4,1000000,
0x9e780659b907bb998ccad6b1100cec5f260acfc6,M@,Malk,2,6000,
0xc5bd82abc2cdc631ed4cc7c5cbb6d1246b3c18e0,TCFX,TCFX,8,10000000000000,
0x61f17f02205d81bd875d2f767ed84c741e5cfb44,,,,1000000000,
0x59b29a7adcfd6857c2a78797202b93350a310845,,,0,5013948487271435078,
0xe5dcc8e014264acda205f68adc207af901b5cc37,,,,1000000000,
0x02e815899482f27c899fb266319de7cc97f72e87,SCJ,Smart Contract Japan Token,8,10000,
0x3b72c6a128fe912261a7b3f53c4ddb74667ab2a8,FT,Ftest2,2,211,
0x19e5d4e6034137ecadd73f06273473eb2a54e045,BT5,Beta5,0,,
0x1adb373518eaaf381b6439ed7bece0555111373a,D,Dinar,0,,
0x906cf48e892e85d881c1be6cecdb0f925cb83265,Œ≤,WillCoins,2,1000,
0x682f8c55eaedc7d1cb6b4318263e196ead0fc57f,GHF,GateHub Fifth test token,8,2100000000000000,
0xe6ee69495b571e1042f760d7f34009164aff87a2,,,,,
0xf2b727d87272337ab84f7c80d5b4396a4e73dcfb,MBC,MebCoin,0,1000000000,
0x5c9eec5228339cce3e888bc5fcc932dbf470ee79,%,TonyKentToken,2,1000000,
0x46dc30575c256db994535f313447361f60b1ffd1,%,AppIslands,2,,
0x96f943853a29b3fd228c2d67e8f60000b82a2814,BFDT,BFD tester,2,8000000000,
0x8e653c0b5b54bd5db56376d7943b390286235c1f,Punten,Panta Rhei (test 0.4.1),0,60,
0xb84005872b407999a4a97f91d5ef40baaf1b9dc2,,,,,
0x8105e4d66dea58e5f0cb706baaeed63ce7308842,BCDN006,BCDN006,12,100000000000000000,
0x8a349e2e714c55ea680db515221899f7ee86b513,H2O,Water,0,,
0x3e11e52b136d12e0344d4d415897bfb755991fd3,,,,,
0xbdec3312abc8dbcc73176344ddf11de2fc0e1808,KRZ,Kraze,8,,
0x9ffd480250b8ae3db8172db79b3e1a33cef2db21,VCY,velocity,4,,
0xb49ec58e1267378d37cc03704833f44ccb59890e,Ag,Silver,0,,
0x840fbc2b8489c37af2c8480d6d6f0008c4f2de48,%,My DAO shares,2,10000,
0xe2d3702146f8dec408a37025c0c2616736d0bc82,,,0,10000101000000,
0xf04e24bed4e4e8064b8fe8a5c0fb4afc7f91a2b7,S1,08162016Service1,18,0,
0xde85e917a6ff6b6bededbcf16cb10a8223ede2dd,ALIEN üëΩ,Alien,0,,
0x7739e6fc3c9f24c00bdd73106c35ca5aef6bf7f3,ETM,Ethermusic,0,,
0xd814ce7c243bfc38308c856fc5d7058469dd584e,test,test,16,10000000000,
0xd909202b107be6a536fa96f35e3498c3a4a81a07,BB,Asset B,0,,
0xa2ebef90c59aebd21f942eb6638e8e873bffa8bf,,"Tesla Motors, Inc.",0,365027,
0xed6ac8de7c7ca7e3a22952e09c2a2a1232ddef9a,üçñ,Unicorn Meat,3,9224570,
0x1922ba6c780e9daee0cc305b56ba1ed26cf6d2bd,TKC,Takakoin,0,,
0x780dd5524c4252a7896717b1f637ab9f297477aa,,,,14603,
0x066dd658faa8322ac778aad0ec01bd9e8a2e7b5f,,,,,
0x8c4bb76223953b12c032ba25d41fa824c6f3723d,‚Ç≠,kiik,0,100000000,
0x314569f698bc934a4549f1d32397a8e8787fd0b6,CNS,Coin,2,,
0x8ca35a2f5cd9ecfee6ec12f24280cd9d4e950c7d,|S|,SinclairCoin,5,1000000000,
0x072767d10bd9559f16f28e51434efce8508737ab,^,mike,0,50,
0xe0b7927c4af23765cb51314a0e0521a9645f0e2a,,,,1999999996600000,
0x6535a414ba79dfd2ced381d95b2b7363d80e82a8,BB,Asset B,0,,
0x6138abdaedd1708d323c2b487a2f1c72a56cc075,LOFTVR,loftVR Founder's Token,2,125000,
0x244b5355fa3f6230f9b71e69f0b601d5d4a85eec,DAC,DamirCoin,0,11579209000000000000000000000000000000000000000000000000000000000000000000000,
0x5b1c1edfce67ece9218a10d3aac08eafc4554fa9,%,Astralcoin,2,200,
0x56168d5d0ca9dd1bab1b8ded491649c5b7cdabd0,DC,DubbCoin,,1000000,
0x0b8a631da5fa530bec452ca634ada2f35753a9d0,,EtherEgg,,,
0x591b307f8d51335bd007a7b4b0b4b8a08d368f33,%,KIVA Shares,8,,
0x684282178b1d61164febcf9609ca195bef9a33b5,sh,shares,0,12000,
0x8a0b307e7e97e5ec998a16885469bd4ac1593739,,,,,
0x225bc3affc1da39bd3cb2100c74a41c62310d1e1,,,,0,
0x38f9a4fb39e27d6b9a7babb098703596bb16716a,NxC,Nexium,3,100000000000,
0x94cf02f0175d26d14f980daa0ee64929fbf5196c,%,Slock DAO Ownership,8,,
0xa35f233822cdf8fceba04c27676d535124d4a940,%,My DOA shares,2,,
0x2083ba165b902a02a6bf931287dfedd50a4ddd21,test4,test4,2,1000000000000000000000000000,
0x440c59b325d2997a134c2c7c60a8c61611212bad,,,1,266854104538363000000,
0x98f853e2b845a20fe4468665dda0974459ffb226,%,BlueSkyCoin,2,,
0xe900b65a8eb688b68d82d11d3be9eadbf8f1f7dd,G,GLY,8,1100000000000000000,
0x683c53084d997e6056c555f85f031f8317e26c2b,E/,MicroDAO,,,
0x827c3bc4baa7c0049a8c9373b098c11f036896ae,‚öî,TicinoCoin,0,100,
0x767211accca8574d835e74cfb30af1dbe7e011d3,,,,5000000000000,
0x12e1cdd0482111c07b811c9359f81d151543131d,D,Dinar,0,,
0xd9aef3a1e38a39c16b31d1ace71bca8ef58d315b,,,1,100000129545173000000,
0x7b9b5cb666de4822cbccdd034374fceec16615f4,test,test,16,1000000000000000000000000,
0xebf802d200f1479c3618cbadfb87bf9b05b95fb8,Kiva,KivaCoin,8,,
0xcbfbb974aa59868230cb5959c834d877f0d46bea,,,,,
0xc49f2818e64cb62c9cfec9a630934234fcc624c6,IKTD,IKT-dollar,2,15000,
0xaccc33066fdc493d580cdd41eef6a68fc6a42e3a,%,ACMEcorp_Shares,2,20000,
0x1cf3bd50ae5bbbfd821b4dae677d7bd605b7bea7,BB,Asset B,0,,
0xcec1bf073f1be9ec1436e3319705964fb0a62e12,TKT,TokenTest,0,,
0x4a41659df69d663d000764d3b235908e5937c6b2,,,,1961341200000000000000,
0x8e70c05713d2c2f86d8fb0215891533cc697a97e,,,0,31809351624036700000,
0xb6223a359f7eac788761be8b1026493d09ea4bf1,B,Bullets,0,57350,
0x83ffc24d41f42daf16e63f88e5018c0bcf67d4d7,BB,Asset B,0,,
0x0b8d56c26d8cf16fe1bddf4967753503d974de06,,,,2567959601,
0x39fcf0058052c203f821eb4047be7503dc1dbf01,YDC,YDC,9,150000000000000000,
0x558376a0b876fa09e6f779caf942a6aa98d81fcc,MS70,MyService70,2,0,
0xd0d67539676be1a735a7555ab6513720d64e039f,√ñ,Om,16,2,
0xed71015b652d0e6029271bda2200d0bb7144c11c,DAC,TheDAC,0,1000000000000000000,
0x91cb0baa273eef05baf6a301c086d58c4e44d73d,gsac,gsa console,2,1000,
0x885ef455b21d12c93b25fbb9a8618e17357204c7,DDC,Demo day cheaters,0,4,
0xb08708e9b7016ba148fc038debe07a75c5ef877c,$,jamdollar,2,,
0xdb35a698114677a64dc479a258856403c2a8b490,,,,10000002,
0x491e59358171dcf43b7846fc235e8a305057e8e1,≈†∆Ç,staberium,1,,
0x2065c6a2504f28daad5899b857168b060c58d082,jw,jwbhr,0,,
0x6f7c895c12b9a23249acd85d3d4be9058d94912e,Zonnepanelen,Zonneweide,,,
0xd8356528624f0839d76f8eed05d8806b2d74cbc7,,,0,100000,
0xb48197e386afd89239fa2f62a9d54a3963401742,‚àö,Beige,2,,
0x5d9927d3fdf1bd988e4e9d02a926e48325c93bfe,%,World Points,2,,
0xb2516b7d6cdfb5eff43fffc0ed443506aa4dde1a,D,Dinar,0,,
0x23fc6b05407975477f14307facab08d2411e32b2,tkn1,Token1,1,21000000,
0x6ccf0b344a0484ae49c157c6a3e41e56fbe715ed,,,,1000,
0x80529232b0aa584554a8ba31fdf3438927d7394b,,,,,
0xb961c8a2724d3e14cbb995b94013b0464fd307fa,BT5,Beta6,1,,
0xa04bf47f0e9d1745d254b9b89f304c7d7ad121aa,,,,200000000000000,
0xdafe447177aefb05dd7edae2f5781c98a858d320,UNC,UniCoin,2,,
0x82a1a170a7ec38b35054f0939a9773fa1aa30d49,SB,Schrute Buck,2,0,
0x14bc412c125ac1e29759e5c77bc955ba4e5cc7c5,BTC,Bitcoin,2,,
0xa23a0431a22685660e280bd7ce474dd3308eaaa4,F,Fjr,2,1000,
0xb0f2eec786f11d993a16d54a4ff5cbac8bc0ab78,ELR,ElectroRubl,8,21000000,
0x37ea20b1f09fe6dddd367c5fdb9d457f7fb9c935,TFL,Trifork Lunch,0,,
0xa0375be0efe09c67de9203cb8331a775cad16c8c,,,1,1333333333333333332,
0x304a554a310c7e546dfe434669c62820b7d83490,,,1,3642408527612790000000000,
0xd3ea8e003e64941a63f4b706cfc638fe2d66924b,LOV,Lovecoin,8,,
0x63d62d4bb58eb7a881f927101d4abfaf5b9035b5,BAUTEST,BAU test,9,1000000,
0x56bc1163c85ec5b3030de6178e05e3bc0ca2342d,%,Company Shares,2,300,
0x99b7238e5704650bfe260c6a0e6c224124cac05b,%,DOBShares,2,,
0x0105d415be226a6edbdbfe5bc31e6f4b2b1d2698,,,,4000000000000000000,
0x2d70653555e8bfe52ecc27ffe088df21acb6035c,,,,5000000000000000000,
0x5a46e23f09218b2a5efae087b0f59f46d25dc060,,"Micron Technology, Inc.",0,2960457,
0x84ef4b2357079cd7a7c69fd7a37cd0609a679106,,,1,598974326560793000000000,
0x0312deed361db866e9e3a04f35f833783a32e16f,,,,,
0x3cfdb77249c0917d4a18335d97f80bf69f7157ae,‚àë,Ethbit,6,5000000000000,
0x2aba43d360dead446789755e10de82e5d4b43135,CFC,Color Forturn Coin,4,,
0xd4fe7bc31cedb7bfb8a345f31e668033056b2728,,,1,110000142499690430,
0x061d52c38d9417c8fe0b2043f4a386f0f2e0bf04,…Éc,BalsamCoins,2,,
0x7f510dc282786e31d02bf6ba3896abcf8608190f,,Prestamo Deuda Personal,0,1,
0x865dca32945420de5cc4800b8c3ab4e7fed6bb25,cc,yuan,8,,
0x8ca54645bcac8fae80977c438cc63f89b4056c1c,,,,1000000000,
0x971a89b8279cacc848eb8035a75d796cce5216fb,,,,,
0x0ae74afe5375d55db3c6fb7a25f841d71873addf,%,My Infidelz DAO Shrs,6,,
0x6f2e02d328010aa86c7f70f8cd888b7fb6e4b070,%,JeroenDao,2,,
0x9d88e45a4c408c0f26f7052bdad7f6e0b98960f4,*,Atoms,2,100,
0x09d58123194bdaa4a5582489b722f75c8a85d03a,üòÇ,akaKJ,0,1000,
0xfca32338c15e55fd29a98360e72aa444f39be7f1,RC,Race Coins,2,1000000,
0x03582f21b74aab8382d1eb0b50d1e12b84c49f94,c1,C1Coin,4,2121000000,
0x9a6140186f786e93057910638e3d1e248b577884,My,TestCurrency,2,0,
0x6d7e6a0af256459db4c633443006685096cb894a,,,,,
0x74b03dd42cae5239054db98483093a6f75fb142f,TURNIP,Turnip,0,27000,
0x9c97216fe48d739b4d59442a3bcdce95727270bf,%,CBr Aandeel,2,20000,
0x05f1975178262d1c9a6366f2f6ad86ed6d932cae,,,,,
0xcc8e708582fdd7e8a00058f3b4a541e56c3eef79,PC,PaulCoin,0,,
0x4134e8194b1a8c3608a701fd2e97c7a578130a18,TestCoin,TestCoin,0,10000,
0xfecec2a04af199e5942bfc8ee874f5fe43ece0d3,LC,Limited Coin,2,,
0x7f6b157363e32f3f64de9e2a94abcd14bc7d5f40,Oath,Oath,0,,
0x72ce7455a5e7fecc7bd4e670a926e5fe8123cb7c, üê≠,BigmouseTest1,3,100,
0x3335caf588980f482ad0b25613ed9868a5956eb1,,,0,61313123467834523,
0xc8671e3eaad0793de26c4a7ba5ca10a992a80c7a,Euro,kwhcredit,8,,
0x235735225df373b88dbd42b009d4bb3e7d0ac1c7,%,RynTestShares,2,,
0x9818d6277291fb1c94c56153c4a9be1a6300ca83,dollar,pengjunwen,2,,
0x3ea83b55a14fce91e653c7780e1f4beba2f92b68,ƒ¶,Holkoin,0,0,
0x3349c17c6a8b68c42b8054a3b2c86c10af755fec,√òL,KOORtest,2,100500,
0x875a532348a5de3ab419580bfe22eda95926fa79,E,EtherDollar,4,,
0xd25753116e068eeb7a1f8d11370aa6794c73728c,,,0,0,
0xf1d203f9f4376d0521e74cccfa741f03f1d025a6,$h,Shil-ling,2,1000000,
0x4fcf51bc706e7baa78ac0b0d7664276e1f4e1ebd,HFC,hF coins,5,1000000,
0xbc1457d7feb32de481fa99108eb023820104a104,ac,ac,4,,
0xcb10bb1d302812c9d9d43d4674dbae93cb33cd2e,V,VeganCoin,2,,
0xb6307611c06c57257ee2ad83beed39cc6650163e,%,QDR,2,,
0xfec9eb9f68f822c126fe29f69217b6799d85581d,mihmix,mihmix-test-token,2,,
0x5a16268e63c3099f9b0125992aaa1a3a2ac739a1,Euro,kwhcredit,,,
0xa5c120e6e87de04dffdbfbef85b3f0798a7865ff,#,Share,1,,
0xaacb329eaed5b5beddcd950dee3e4ef791cc442f,üí©üëåüëÄ,MEME MACHINE Seal of $100% Good Shit,0,,
0x1f43e710565778a09d8f20966fccb4bb16f6df56,,,0,110,
0x2a4e8f7334295f466c8988a3e33712b94206da49,Tet,Testui1,0,19000000,
0x13ec114ffdb980cdf470c45dcf45e544d15c4da6, ä,SatoshiPoint Shares,2,21000,
0x82c8139ce6911d15e5aa3d14a25568084c09e9fb,üëæ,gnidanTok,0,163,
0x49a6503f96a382e66631a046b30a4b711bb87743,,,8,1900000000,
0xbef795cd40aff527f0b992e68da40249338a4317,Cookies,$P4C3,3,,
0x6effb8f9cdb66b3be22049f00b0932d7533e2875,(::),Buttons,18,,
0xabdf2f974dac3305879ef50a43fb61f0ee5853f7,ai,ai,7,,
0xa9a8ec071ed0ed5be571396438a046a423a0c206,MS150,MS150,2,0,
0x377cb6d1c7f764fc55c7c26e63d30ee130cbb38e,ERICS,ERIC,10,1000,
0x3ac0cb49d782553215e7f2797aea6a429eae15de,(U),UBU,2,1584000,
0x75d8a87b9c9c26e2cfc0c463f81eb6151762aa88,noo,noospheer,0,,
0xb95d9ca2789ef529a8d218a2f781ac6b31de7f31,1000,LeoCoin,0,10000,
0xc7c40ad438a86d4bdea1f013a1ed8eefa357fbc1,‚¨¢,Glass,2,50600000,
0x35c2e8e8a90c08b64ee077a424082f64dfd641e3,,,0,1,
0x045d2c4d9011e30eeca01e76c2989253274e4a92,P+,GreenPower,,31584,
0xc60c058da880e82dbefc23f58c7cf0296753fc2d,*,Jcoin,2,,
0x39c69a3af6b8e5da3cb180ee9c0b3ada78ae5dd3,,,0,22809351624036700000,
0xee6760ea173d858cd0434b9d5bbd5e9443311e78,CC,ChydCoin,2,,
0x0778d4dc152c70a475f841b2b4b845d4b9239d75,WAL,Simple 2-factor wallet,18,0,
0xbc39c6b7a74028876d7b336fd6426f85f8265bd8,,,8,1900000000,
0x15fd42a7447091530bc61179ee5fcc1e117aaad8,NFT,NorwayForestTokens,0,10000,
0xa20f3e3f9ec68f6cd27d3cd20723f929a8a5db51,BT1,Beta1,1,,
0xcfa579f64bea13697c09c0ffbb2c8cbaf6c89d4f,S160,Service160,18,0,
0x985907854cc03c0f303b8327e77325757ff92059,,Viacom Inc.,0,553395,
0x0d007cfd011aea04927e0773f8a4c5841465d6af,%,syDAOshare1 ,2,,
0xb2f237e045c261b519ed772f4a51d3b0c20a64e7,BT8,Beta8,1,,
0x9969ec5356d5a3728d38e2ca3cf4e2385a61b59d,,,0,,
0xc77f06da4c067cd6bf43c5c6536be69e71494c69,,,,,
0xa552b20ebd4c1417bcf5d9282673ac1dd7d47f00,VZ,Vitalize,,50000000,
0xa6afd319395358fd67f7899d51aeea3c2e5f3063,PatrolX Shares,PatrolX Shares,0,,
0x2a106e06cd26fad93f732daa4218fce4eac6d6d8,BUT,buttcoin,3,1000000,
0x4258de016d888cb44add23f37ef4d1659926f7bc,eR,eZAR,2,,
0x92569207db6edecab53f4335fed9fe0dac90ca2c,,"Expedia, Inc.",0,107641,
0x11dead58e5a21e6e46594fab6cd12e0a40de5e6a,RFE,ROOTFOUND ENTERPRISE LTD.,4,,
0xc59ec9d594d4947b3743f3ecf4d04d7ed21bee2f,,"Netflix, Inc.",0,891048,
0x89230fdc3b73851da77ebec3cc9f340e48ac0df1,TRU,True,0,,
0xa3ce9fa0f6b6649e40bc5146082661d5f0ed5d7a,ETH,AiraEtherFunds,18,240000000000000000,
0xdfae6d6e712c1220e019b35ff178f599efdb4c5a,RTJ,Ritika's Tip Jar,2,5000000,
0x2d7eb3b1e243595386c8e15abdb91ecfa1785452,DAC,TheDAC,0,1000000000000000000,
0x52c5317c848ba20c7504cb2c8052abd1fde29d03,,,1,1996002585721650000000,
0x6f6704e5a10332af6672e50b3d9754dc460dfa4d,,,1,41173345768012800000,
0x86ca39d10dacdf1cfe490eb984bf0e7c17d1ed37,,,,12008768769843498,
0xeb5cc0c7f51b0882bbadffbe73998efc9b128620,TEST,Test Tokens,2,100,
0x129438ac52e165823feafad42554fa8c562ab363,%,R1 DOT MY Equity,2,10000,
0xec57ffda26efb976ded895dfec132bfddb0a5fec,DAN,DanCoin,8,1000000,
0x0ab2024695ac0f8b9245e28a70d5eaf2dcb65cdb,jpbitpt,jpbitpt,0,,
0x87b127ee022abcf9881b9bad6bb6aac25229dff0,≈¶,Temporaries,0,17436,
0x6e724ccc59c1a72f733a31b41c8594413363d80b,PPL,PeopleCoin,8,,
0x6f47980674550d8c8240e6eaf3b594f562adc7a9,Ÿ®,Dentacoin,0,8000000000000,
0x16dc7410210938b1790edf2bc50ede6233ebc2ee,,,,,
0x6b691264c52a3eed2b30ce60484964f136b5ef4a,‚àÉ,Elite,2,10000000,
0x962625e9342b44fabbcbca4cb0296c548643e771,…ß,HERO,0,2602,
0x202afabb3eb63294c12eb36c98543f614f8b8f77,Œ∫,Crypteum,10,0,
0x58dda156b1aeb3024b79cd4664db2d17faa3c39f,,,0,100000,
0x2f42285a95f02581f49f8e98738aa06671fb670d,AA,Asset A,0,,
0x477e9b642a72ac820cbf03edc0db0323d5c3b7d2,%,Jams1st,2,,
0xd2cf19736d3fefaf8e38e27c188e422044b3d659,EYX,EYXCoin,2,,
0x48c80f1f4d53d5951e5d5438b54cba84f29f32a5,,,18,11000000000000000000000000,
0xae49b8e744b919e380b46410ea2a0fe31205a80f,,,,1000000000000,
0x36bc2a9ac771ff7273a96ed247ed963225762735,TESTF,INRF TEST,2,49820,
0x7fbe0f65f1f2f2241e29db13137b9cdfcb0072a8,natto,MitoCoin,1,,
0x95fbe517be87d42053788035059a9ee3af808238,,,0,100000000,
0x7a47bacaab34d55a5485be5c40ffd2768659716d,%,BitConroys,2,,
0x0101f3be8ebb4bbd39a2e3b9a3639d4259832fd9,,,1,559384955979606000000,
0xe2e8b05946cd64414e8881f39f09ef70a1b683fd,,,,,
0x90e8f2a85bc582ed8ff4dec5abe4b026d4f861df,HRYC,hry,8,,
0x815a46107e5ee2291a76274dc879ce947a3f0850,,,8,50016331999,
0x9e48186ea073f06f1fed0f316c232d0d121c6c52,üåÄCITY,üåÄCITY blockchain,0,50000,
0x7266b383b26b87e4a696451ba922094d27fedce6,MS100,MyService100,0,0,
0x203e9ee391a18de7a0e933a99249f48a352e5a42,TC,Test Coin,,193,
0xb8b1a141a0307667042b2b937c52884b19801dfd,PSC,Paysafecoin,7,1600000,
0x0737a6b837f97f46ebade41b9bc3e1c509c85c53,,,1,7144077587762826223,
0x4f305aab0ebaf900bd483de4570d50f39777242e,KRZ,Kraze,8,,
0x1ec4b2221a1438f137a0f61b30e3aeda3b427bbb,%,Burgen Stake,2,,
0xfe38b818b34f901b64fa6c59f86d4c012160a7d8,BT11,Beta11,0,,
0x464d3810adc704ad275502ed177b487f7833cb31,AA,Asset A,0,,
0x8aa3268df8c1f2a57eab6de1729f68aa8749e394,%,1Million,2,,
0x84da7438508eec850080f88ff5d76ba10511d025,,,,,
0x6768602ebd64e3ca69c933dec46250df6acbd140,tjs,tengjingshu,8,,
0x0e7db7c15dec9194c7bd2d848d99651c8a1cdfcf,%,My DAO Shares,2,,
0xb328b9db206262b62f8291685bfe52b5dadbf1f4,,,0,5000000000000,
0x8283589e96e3bdb6e7241c662aab01f87f4d4a49,,,,123456789000000,
0x070e22e71da64b423c83a4e7d188bb752c369e17,%,FidelioCoin,2,,
0x1614beaa924415aa8e439134660f5c40bb060140,Œ≤,Beta,0,,
0x3fadde945304a36cc2950c3674dc933141a0412b,,,,,
0xdf1db8da82513cc33b52c20828b2d3c337e59896,ENS,EarthNetShare,8,,
0xecf8f87f810ecf450940c9f60066b4a7a501d6a7,,,1,3330892268874460000000,
0xd6e71a3c056dfef9ec939e32d4b3d6a01fa1cc13,SPI,Spikol,0,10,
0xfabe292d8019bfa02e5fead2c78ef71a1bf35ce8,,,,,
0x27b2dbaf2648a50159750a8370256e108d72128a,TKO,TKO003,8,10000000000000000,
0x617dfa82f5c0cd3f6b08b01c007da56c02f095eb,H2O,Water,0,,
0xfb02cc71ee29d7f097a1bbc0e96ef21b1f4ddae5,PZZ,Pizza Token,0,200,
0x7580a7fc4c5c33e2f7bd80b34c0be75b6b471c3a,MYHOUSE,UHN 7-1-701,2,,
0x81b70090d10ad200125aefb7ff8590a5866b089f,$,BoLtZ,2,,
0x45491d68833b573fb7a9126b652946c97807eac6,ƒå,Clams,0,0,
0xa43446cfad8005c44ce710aa663e1b5f83872eb7,üö¨,CigaretteBreaks,0,0,
0xb94f85ea35987648bb460a96a34f56ac1a6cc6f7,PLU,Pluton,8,2000000000000000,
0x6c5a9ba32a51a9f7287aba2e0bb5baf13716a6a9,VOW,Vow Token,2,,
0xcf6c7282ec7d8be0de0e1e3810515a4c5d0a3d62,%,My ICCS2016 Shares,2,1000,
0x1b6c3afdf458b94eee553b731656b939e1a39e80,MS62,MyService62,2,0,
0x66c1594665564fc75751df65af448805c40ae540,$,GoldenBankCoin,2,1000000,
0x2c6796c608262da64e52348e460e39e0ab3eddfb,BCDN004,BCDN004,15,1000000000000000000000000,
0x9c23511bd6cac164b48cb2ce0b22fa2bdc83e874,RMF,Retch Mining Futures,0,,
0xdaca58f2ff29a6f7387de5b79c35575f754ff2fd,ELF,ELF2,0,700,
0x8a772004af0b8fca5e7093c6f277ba7b0e8fa97a,KRZ,Kraze,8,,
0xa1e83bce056237b54248c2e629eb064067270cf0,Euro,kwhcredit,6,,
0x062bc8cd208cb0796c87a789a5e57ddda457f0db,,,,1000000000,
0x14c7ca530ee127b79c5be66581fc9865e810cbde,reward001,reward001,16,0,
0x7abff7bd3cbe2969cc1e51dfef8e4aabd152708f,BAUTEST2,Bau Test2,0,1000000,
0x6ed63fd17aeb5fad83725213bfbcf8939090960e,Splunk Coin,Splunk Coin,10,210000000000000000,
0x92b03e880e260bed01d313c1e3bd67de58b0468a,,,,,
0x395623b39e6bf92037e77d465ec213a433f3c1d6,ml,ML,2,77000000,
0x7e7098e7f21c0838f2c0b9047941d3de715650de,,,1,2248519980000000000,
0x3e088e249d47708924937cb0a48e5694e7dfae25,GGC,Gustave Gold Coin,18,1000000,
0xfb63bfa5b34c1ea33b139d6cab0086f0c8b00a96,%,Shane Coin,2,10001,
0x92f1dbea03ce08225e31e95cc926ddbe0198e6f2,ETH,Ether Token,18,75374459629492500000,
0x62491b0a7a4d0ddd31e9dcd65af939bf7167631f,üåÄ SHARE,noxonfund.com,0,0,
0xd9de084e54a026cf85e971bd6821ffa5e8d03f51,MRX(test),Murex Coin (test),0,,
0xff0867af01049c9403033d82209d491c19c830ad,YTM,YTMWM,2,1000000000,
0xfc5ba25528caace9f1ba67992c3d78c7eaa0e5eb,EXT,EXT,0,0,
0x2fdab8f12fa9ad9ad91fc55d52569afc98be9831,EUR,Kr√ºpto Euro 0.41,2,3001,
0x62e1c6cc5632403cd1a0ce7b65c41bf6540f4507,,,2,150000,
0xa79d80c9b61c88df0221ea62bd0bbb399ef531f8,SHT,ShutCoins,0,999999999,
0x9d63c5ae96dc2eb5f9be5f77939225cf9e471437,TCFX,TCFX,0,100000,
0x076d693a7bdd9d6d9fe935faf07868c4418dc468,,,,,
0x2451e27f270d60134ac858209b536fbfdb22a5a1,MEOW,Meow Bucks,2,,
0x8be3e4bb8215528bd20c72b5c9f061aacad7c4eb,VOW,Rainvow Token,2,,
0x2bfe30b66c0ec7dee672b99b8b2d979b507a92ee,%,VoLtZ,0,,
0x5f4fee4dc569af8e1ea7ee0aa34e7c3c31e1f31e,,,8,297000000,
0x4e959520bbf9fbfa371cb6c9a56e653e7d51e13e,XPRM,Prism,2,,
0xcdbcccb0e5760d38bcdfa1cfd06a171ad8eb8b7f,,,0,100000,
0xce3d9c3f3d302436d12f18eca97a3b00e97be7cd,,,,3020000000000000000,
0xaf71e622792f47119411ce019f4ca1b8d993496e,,,,,
0xb5311ab50f72c46d33230109bb361ba5ecb42bc4,XHIPSTER,21xhipster,0,,
0x9ce63a4e69de34844e340fc541d82db9506287bc,,,,20000,
0x3726220db9c6164bf149a4e1474961d905d0db98,‘±,UCAL,3,27644437000,
0xe9eb399f901d58370f986ce2c33424ba61a93187,X,X,4,,
0x35f85c7d1a8fe03c40b8e3b326b4de04a1db0b51,,,,1000000000000,
0x4d3eaf7131a7bd414609f309c6b37d7488a33b51,%,My_DAO_Shares,8,10000,
0x9b8438ecbe3b0ca05c4ae9c9cee9b7d62a721275,EDM,ETHDEMO,4,21500000000,
0x6cdcb6679c8cd078e36f9193057eb634199cce26,%,ABQ,2,,
0x82ba768f31e6caa45889a93bbab2857d587ad956,&,AdvancedCoin,2,101000,
0x793172d94837a1d007c7b906053860e365ecba1d,,,8,121269906,
0x8492d8271c7f665e33ac3d141fa2037c13bf706a,MPB,MPBux,6,,
0x8f945a9f8b93a07f73e04915a5f88e3a0601de8e,VFT,VIURE Founder's Token,2,1250,
0xbde5c0bba5a37c49e736f70ec6151695c1100ea5,@,myToken,0,,
0xf4cbd7e037b80c2e67b80512d482685f15b1fb28,,,0,3913270192948187819,
0xcfc00378ca44da2a0c465367f1f104a9d9e7a83c,%,100% Coin,4,,
0xa9d4e6da9e2c780ccb01061a7736a162d7b02d6c,Œ¥,Djannons,2,,
0xaeb7c1c2b6a91f3ffcc9af3445baa44a2852a546,%,MySweetToken,2,,
0x2d6b1dd58d2da6e9d57583b530fe05462e790e42,Dno,Deano's,2,10000,
0x7bdc6080d83401912db17a2414c0a302a0b43083,E,EtherDollar,0,,
0xca14d1ad1ad5d69a489100c2e6012007c361bc92,alphaTest,alphaTest,8,,
0x8acc3dff6bfad5378cee6c75b4ce81a186571c14,,,,2000,
0xc68f598ce6fe2d9f2dd64508a87a7beb20e9f164,,,0,,
0x9b743992d6a615f686647480b1c1c0c7c024cdf3,√û,Markoin,2,,
0xec59b7f2dd3386e79bd92edb90901fdd63b549e7,8btc,8BTCCommShare,0,,
0x998460e6c9164e2e9c682fa9bf9273db4a7940f8,cns,consensus,8,,
0x5ef721a435cada7f76847c856859081eab193125,D,Dinar,4,,
0x1f0dc965d1dcdd8ad0559d170123a92dfc7e111f,,,,1000000000000000000,
0xe9c569db2b527821075f3655f10ec681bcc73949,%,Dschunge DAO Shares,2,,
0x810e6f1ef0f4ab4563b2348d5ec7ff2e60b0eb0f,LETH,ETHERLITE,2,1000000000000000000000000000000,
0xffcc0a9d5c2c9e82aec8f47ec159bfc25969832d,EXT,Extropy Coin,2,1000000,
0x515f852153f71653e99ac2032816c93a30938505,,,18,176360263327101000000000,
0x7bf7c9f83172a3ca6f6a13ab790007ad01c0a137,,,0,100000,
0xb2ea89a9fe875326ef1093c453f05425cb1edb96,DQ2,dQcoin2,0,,
0xaedd4e3cb0e42c59982b6dad8491c6b0fa6c6627,TT,Test Tokens 2,2,1000,
0x5daf363941b3a15c6543a9d82dad014ce89dfccd,Wh,MP,,,
0x6cd272fe633167efbedb91311ce9c1b67f3478cb,CLD,Pesoes,2,10000,
0xd44ad753462663b41330bbd92e44c558b6f24120,GND,gnidan$,9,65537000000000,
0x24d69d8d06dc997906839c2592a1f1e8f0b67453,,"JD.com, Inc.",0,1577395,
0x729017c3e2cd949293f9b87197a8e84199ece769,TT,Travis Token,2,101111000,
0xd65b4097f434d3e7e422a437acbda2e0d8537673,,,0,1032197763894698396,
0xf5c67192cd82567fcc325d8c6754b840788a5bc8,%,CryptoFR #0,2,,
0x3abb6f8cee367db4d709fcee18af4c03742c2451,zon,mijnZonnedak,,,
0xf9ffe852b00d6ea1747cfbdec240a1868195d6ae,BFXD,Bitfinex Debt Coins,2,80000000,
0x0025e33f9d8d6a7da8d1829ce00a030b9216d5ce,,,0,100000,
0x10dcfdecc4e8d3213ee682a5795427eb44f9bdf0,%,satoMotive_1,2,,
0xf56c4b9a5b8daca1c36285087b5aa779a5600a7a,SE,shares,3,1000000,
0xd0a36fc5a14f19278010e087d94491d36a16281a,,,0,2061313123467834523,
0x3c725341328f07738c471dbf9667ba287bb75b6f,Y$,Yer,0,,
0xbd53d9f0b09bf7c1b80891452a536e817502453c,,,,,
0x7f32cc883c434434a08e7e34b870d3c2956539b1,zonnepanelen,Zonneweide,,,
0x6aa323340abd0f818b08145e56c20ecac25dcc32,zon,mijnZonnedak,,,
0x1992e866288866e49234f63b486727541bcc0f34,BG,BitderbergGroup,0,,
0xfd2407d2a34a5cc0f8ea2962def3c9a520b66840,%,DTE Shares,18,100000000000000000000,
0x00f0b1e5450753c5d2e156b67e35fa1a30e6fcd2,CMP,CampusCoin,1,,
0xb67b764445f828a37ffb757f8c94c20f07db8da6,%,kobicoin,2,,
0x1c216164be93edab78417f785cbcba0c18582cf1,BCDN,‰ºóÁ≠π,16,104750594414062500,
0x59a273f78e4d22fcde1a254251941a49295c6786,ü¶Ñ,Unicorns,0,1,
0xb22fac1a7d968948e432d08f1ad2f5e1eb8119b0,¬©,cascoins,1,,
0x22739f66ce3356778d14bec03076702ca24be054,%,geoCoin,2,,
0x03907c1d0e3b1f6c28d0dc802d72b05011c95f5f,NNT,NoNameToken,0,100000000000000000000000000000000000000000000000000000000000000000000000000000,
0x3f2d17ed39876c0864d321d8a533ba8080273ede,üåÄ SHARE,noxonfund.com,0,451,
0x0112c94cb3976dd8f13d9201b0af924f22475990,,Turnip,2,,
0x9da397b9e80755301a3b32173283a91c0ef6c87e,,,1,934889382511061000000,
0x82899c4ffdcfdeefa37c02ced8ef3f12e7820de8,%,Baby Fett Coins,2,,
0x84c53677796ac9617c6a2eb14465a48e6366abdf,,,0,25809351624036700000,
0x921ae917e843a956650f2bddd95446188cf08b38,TNT,Token Network Token,18,1030000000000000000000,
0x14f2344e7c654f3305ee33b8e3413b8f815ee7cd,üåÄ SHARE,noxonfund.com,0,3,
0xe9e9c4fde24d15fd87f4d46d33374ef64ab32880,AA,Asset A,0,,
0x89cbe1e4fa6dddb1bd67273958f9e6aac320f12a,%,AICOIN,2,,
0xccfef03089ba0aa23a1e1f4f2956ad5e22fa6272,KAKA,ÂíîÂíî,2,1000000000,
0xdb8e407882b4f8e7d96850a37e44f8d5a7dc9404,,,,,
0xf1d19f7cfd0c11091089be6e452bf59352b9cb6b,O,Outa,2,,
0xc7dd551f27a83da24664d0f541edaad6f7d7ec7d,DCD,decode,2,10000,
0x298683bd77f17bca4f3fb37b5bf02f82ee81d3ef,,,,0,
0xa62d33e7cf4a3516ba8ebe02e087d08d15fa997e,!,Factorial Coin,2,,
0x95152c2151bf5c3b4ae012da16ee699b7c73b030,PKK,KhooCoinTokens,0,5000,
0xa37fb386486d54555dfce08fba0d96981eea0020,P+,GreenPower,,124,
0x77afc41ebb90a70799d03847ae49d93473f2a192,:),Smiley,0,1000000000,
0xffad42d96e43df36652c8eaf61a7e6dba2ad0e41,,,8,121269906,
0x93ea4434718d24522551aa86972b0df7fe93b402,%,,2,,
0x15d2b79ded1dd856070fc68e9ff4c1896934b14f,ETH,Airalab Ether Leger,18,0,
0xc120317441b91413fbf70dcad64c7e282e586832,GSA,GSAToken,1,1200,
0xc954bd00745f8fd3c9cbe8cd2ec06c2379c7d475,,,0,,
0x43f0b27c42984eac7f7c9f4a13a82b3aaff7cdeb,,"Brocade Communications Systems, Inc.",0,1586238,
0x4b4ec8ec0ee6b1decf952c9547c664e95004eb32,EVM,eamonToks,4,0,
0x2212668bd73a69f2288a6b41df5db39ff1766f16,D,Dinar,4,,
0x72563744fbf7ba0f39608ade984e4f924798730d,ƒ¶,HongCoin,0,1000000000,
0x629ab7b01cec2a934035c5e3bbdc42d781837940,SIT,Tolar,2,199999999968,
0xba4988fb3852f3bc41abe8c11a404dd4e0781bd6,NLC,New Life Coin,4,9900000000000,
0x344c0517e60434753178fda610a65e7be5614ac7,FUCK,FunBucks,2,1000000000,
0x8de35165a4858aaf013c7a9c859701706e1c1cba,LFT,Locals Foundation Token,0,62200,
0x1e797ce986c3cff4472f7d38d5c4aba55dfefe40,BCDN,BCDN,15,1000000000000000000000000,
0x9d701e64896d99e215e1c621ac76a141fc403ca6,PLNS,PLNS,2,150,
0x3c63fbaafb977ce3a6e443e608a3d70d8ce8fa06,,,,1000,
0x0437302571c322cd6fb174887d477fb562d4fbbe,CC,CDC Coin,2,1000,
0x7e315db490db0191d086bb9ff4b9876913e75fef,BB,Asset B,0,,
0x8320944e85064f13286ba1c35b7bc2485e57fcd7,TURNIP,Turnip,0,1234,
0xf45d2e04f875164c0895e4c0f720471ece1f13b7,%,MbA - DAO Shares,2,,
0xcbfba2592ba2cf1cd3ccea2cd79828c816d04add,B,Burn,,99999986000,
0xec77ccd3d69d92ff827e71c7c9d7cb6f6c4e7028,‚ñ¶,Blue Units,2,200000000,
0x84aba3c313e760f0629a50245d97a77644e70aeb,∆∂,Zbeul,0,,
0x25af8d824b3b078a589e47418a95b4388d1552f4,,,1,5218519980000000000,
0x1f29a16d2b0de7460d43c7a8b5f0eb747df9fdf5,VDOGE,VitalikDogeCoin,1,,
0x3a83440d07dbe97445832a25b8d9cbe95cc1a22e,SPC,Speed Coin,10,2000000,
0x054c235c1cdc86e9de80bfc349315f3366908376,alxT,alexToko,2,,
0xf1347ded49e227fb0e4b51503a09cdce9f35f5e4,%,GoldCoins,2,,
0xeebafcdc08cc06c0322eb01b811527fdfb08c5ba,üì°,RadioCoin,0,,
0x1bcd3f46bc4a916c954e56cb034c718890a4e36b,^*^*^*^*,JAISR,8,0,
0x1b839d17fcb26850fb6932fdcbed718934ef15b0,,,0,2000000000000000000,
0x13f82c3480309fc31a0a756fff680383d62306b5,,,,,
0x0fc9b7ba475040a0ebb432987cff6ff22d4ae950,CD$,Central Dollar,2,100000,
0x89a4609f85bde3b03ce080d2acd9d7492a4df4d0,BB,Asset B,0,,
0x69a101aa426dad55d7a4d821419aa787e8d66db5,AA,Asset A,0,,
0x3ee7192f069f3ab16077f843f2f469bd327e206c,V,PreVNK,0,1000000,
0xa708f7c82c2833d64c3316f1562aaa0852af132b,W,Wins Coin,210,1000,
0x60d7162c7f0cf6580050b34c078d62649873e891,,,0,20000,
0x289fe11c6f46e28f9f1cfc72119aee92c1da50d0,,,,3020000000000000000,
0x522ababe740244db640dccaabb3adfffd9d6fd34,AA,Asset A,0,,
0x78b0317183e55929dffde6dc43bf9113206cafae,,,,250000000000000,
0x68334ab29095a466d6ccc5d5f4492d97139dd053,BB,Boss,2,10000,
0xee2b615320a5a26459ccfe3ce46c0a3989102f85,J,Jaysons,2,,
0xde88ec7b6ac36ed99865098bebbc7756b00aed6f,TNT,Test Network Token,18,0,
0xc190686e5aab1e44b5b0807d10b856ab5682dd5a,AA,Asset A,0,,
0x20465362f9e519eff8e92c59b8337bf282b8e52b,#,Merits,2,10000,
0x22bb063f23eb18f836aba541036892ff4fca99ee,,"Applied Materials, Inc.",0,1821488,
0x3d2f50874591d0eeaa811fb58cc4716758280885,IRR,eRial.org,0,1000000000000,
0x5c1460603d66eb01d1e85e15fe462c3c59dde5fc,NxC,Nexium,3,,
0xf4eced2f682ce333f96f2d8966c613ded8fc95dd,MC,MistCoin,2,,
0xb7a26938cc2a2d02ae301bf6147c4c4a851d3618,IAS,iA Summer Coin,2,3000000,
0xe1fcf5e4482dcdcbf7c75ba003df012323de8dcd,FUN,Founder's Token,2,1500,
0x01a7018e6d1fde8a68d12f59b6532fb523b6259d,,,8,50016331999,
0xbe3dc7f74ce3ebdd44f7bfedde87aec8d7cab9df,Œû,Xi,0,15000,
0xc354007710111901fbdff805757b9a7eb77e83b6,MJDT,MJDillonToken 1.0,18,100000,
0xf49ac02ee1ed2297d96fa59e64e2f0989a860e82,,Microsoft Corporation,0,1683288,
0x69f2a483a2ad4b910fa03a0f380d61f6dbe20017,CIA,Coinia Vy,0,10000,
0xaf8ce136a244db6f13a97e157ac39169f4e9e445,cEUR,Kr√ºpto Euro 0.21,2,3401,
0x25fe95ca5f0af4b40dbb153dff6c6bf4f093abb8,,,,,
0xb984f669125a166b46a01c249a69c0ea0fe15a89,eduC,eduCoin,2,,
0x2c2de408cf9c501de4fed5a8a01396a57378f479,%,My DAO Shares,2,10000,
0xf53e7f01371c6fc0e1c821d3c3c8b30be366bb6e,IRR,eRial.org,0,1000000000000,
0x9f76396210983f90ecba27ba032c69342de2a026,AA,Asset A,0,,
0x552c90ffccaed490854af420550f08cc4e29221a,%,eGBP,2,,
0x8c73d949d75f92c159ec99035325a6be5edf6ccb,!,Sevierorogeny,0,,
0xfb43b2a5198726e17f566aa57b52887a11722699,FS,FloJoS,4,,
0x436bfe4380f2ce5535345e430d1d24849ac0d069,%,VoteToken,2,,
0xb9550330bff5b4aada6afcbb6732442c74f80fd7,%,Fiddlesticks,2,,
0xafe6851c1d9ee2e759acdee8cfc827e22a9ec5d7,DCS,DigitalCommunityShare,0,,
0x483ddd706d79475b63d9f985d01f019de6cb5408,mkvs,mkvtoken,0,,
0xbd247894dc95d7022363ac7c12a507a5db2e689c,%,My DAO Shares,2,,
0xace2116816c3443d372fa944568ee4c2f56b0246,Rb$,Rubidio,2,,
0x384e762dad922b22a0d06f4d1229582473d2dee6,,,,,
0xd4174307532944e40bd6a040a04b8a4fd031dc36,,,,100000000000,
0xce9c543d958602b5c74b135ebafe8b3aee142131,Euro,kwhcredit,2,,
0xb6cfaa3fca08860192d787344de508ba739dc895,MBT,Minute Coin ,0,10000,
0xfd981838c1cc9b534b938c56b1c2123bdc700a32,NxC,Nexium,3,,
0xc7b1e8630bbb3de2fa6181fc51c4cacffdc1c11a,B2,B2,2,0,
0x29074a3f0cce7c15a4d1a899046eb401e2495553,cow,CowsJump,2,,
0x0d7e0ed887b9b34bbe2075420eaa49a7f51d80f2,CSC,CSCoin,6,21000000,
0xba3e14a7f0169d86fc1389ad40ca4356a1404640,,,,250000000000000,
0x9921fe382becbc1389f27163d4cc1720d74e8212,AA,Asset A,0,,
0x940e7d8fb34921c3c5bbb8b9792b1a0e4688fe9b,TNT,Test Network Token,18,100000000000000000000,
0x9fcd2deaff372a39cc679d5c5e4de7bafb0b1339,,,1,1409336722195120000000,
0xa09b5b9fb35e433398e32ae4909bb8402dd57758,Y,pengpengCoin,0,,
0x3ce7ae621184454a913a668a6a837969e603ae26,·πº,VCAP,2,100000000,
0xb303bfa1d82eae7e43d1cc3232245a2965deb42e,üêæ,BarkCoin,0,10000000,
0x95bbd7e7ae5c9200d8e618833827d6a5b81ba1cb,,,,,
0xcb0e25636fabf33996962fd4cdbed578d3a076dc,Dollhairs,DnbToken,2,1000,
0xfeb5d698a694fb637619eb7866f60c35b051e053,,,18,223910332833482000000000,
0x7598b233e5b4c3d73a61f6116373bfaa11aacb71,VTX,Verify Token,3,10000,
0x02cf90c39fc10643b889e0c1ec8319de66a78e2d,,,0,13075384771066712,
0x2948ad98c65333b44d2685549076aeea99210d8f,∆í$,FreedomDollar,8,,
0x03ebfe0ec11dd11041e39cc7a0a51f40238f6050,E,EtherDollar,4,,
0x31e50aff8cc029e22f34247670a3cfd5682fa6bc,%,SLO DAO Buck Test Shares,2,,
0xc5521e31bbbc8920d3dbc28c124303c171dbab71,,,18,176360263327101000000000,
0x592560a8e3aba5af075051fcd957aa8df862c591,GNC,GaneshCoin,0,,
0x7eab3cc7234f66508b713ed3338edeb3c894d14c,,,,100000,
0xc542530afaa1aac8143471e9d1e8a36550f398d1,$TA,testAandeel,,,
0x02509c89a9995d60b232da2c5d5253ac8a4f4184,!,FactoReal,2,,
0x0081011323cec4daf8d08131b483b5710d3c9637,$yer,yer,2,,
0xedb37809291efbc00cca24b630c3f18c2a98f144,XBN,…Éitnation Shares,8,,
0x49d59b709172cceeb88746fc79582f6994e16992,BT7,Beta7,1,,
0x316c491db9f1518845e8d77a938a6b19526ea19e,¬•¬•,YEETCoin,0,10000,
0x93ea077493b4b04ee94eb5093e9335b321ce9c33,BAUTEST3,BAU Test 3,9,1000000,
0x9a13e37c9fc97c5ecf16bc80b47febbf92f6d4e0,KGAX,KingAlexCookies,0,10000000,
0x7bdd870bb886a42fbae0ff7cc16d581f965c55bb,PSC,pieshopcoin,2,,
0xadb6addb0ab9c924c70bf2e03788509f7bbf7e1f,CRP,Crypto Planet,2,10000,
0x8097d1b17903210f8ee5778c94af8635b42a266c,FRP1,Test token 1,100,,
0x97557a55d00102e08d52331e9a6ee322a6c66234,,,0,32197763894698396,
0x5524c55fb03cf21f549444ccbecb664d0acad706,,,1,6773243673260680000000,
0xc580f51ddb0867b4c782103118681176bc87d6f8,‚ò∫,Usabilla Coin,1,,
0x02648dcc2e803ff870d7f61b879c5a7170c7c30a,HMVT,HMV Twinleaf,4,1000,
0x3b92d0565161739bbe9afe3356f829fd506ae781,SDC,Star Diamond Coin,4,9000000000000,
0x0709ccf9d7f822e00ad5a223ec68e599a733eefa,cry,Crypteum,10,100000000,
0x500ba2b7424c752499b5d2a5486f4a554219e7b4,,,2,,
0x63508136696e2e55d76354ec2546177bf5573adc,fiz,fiszcoin,2,10000,
0xc53741bbd6db1361136cbf9ebf0e8146aecd73e2,Wh,Blockchain4Energy,0,1337,
0x9b1e3948d22a1a56b2c49154c8768b3826d565dc,üëΩ,SpaceCreds,2,,
0xffafffa92f1f6ff47e86c80c252c778a935a974d,üåÄ SHARE,noxonfund.com,0,5,
0xe388a2af1b22db3e6f70df2c6b266c34b7b71be4,%,amirCoin,2,10000,
0x1aadf285870e6d93b67ef8070819f02f71abde85,,"T-Mobile US, Inc.",0,233757,
0x8d744423fc081b3181eed3cd407ea0e7b28424b0,,,,,
0x03efee7c710ad3b2ca1301309ee0dbc134acbb26,,,,60000,
0x4d92c6d1a0554f2c1f6d3ddee1dd3f835ac8a625,D,Dinar,0,,
0x5e3acfb1b3134254cf7e594ecfd6c428969805ce,BYD,BYD COIN,0,10002,
0xbe1a0da2520db0e74e39b2bfc2f67c0311edc39c,POK,PokemonCoin,12,11000000,
0x01b25d1f778930769653ffabcd7e7afee0cdc84b, ¬¢ ¬¢,Purple,2,,
0xd8bdc6ca5f154ff317d96cd5a62da3ca5032e15e,Euro,kwhcredit,2,,
0x1802cdfd71a1fe4a4f342cd3fff8be6b468e091f,GRG,drago,,100,
0x64f310f6ce9ef5e1d6b44a6b4d2ca8edad95ba99,„ÄåÈáë„Äç,Kin,0,100,
0x3642cc32dacdf9a372394f418dda557881404572,„äó,COINgrats,2,1000000000000000000000000000000000,
0x43ea9d8aa1edaa7699eb795d9fe8f427e5f31af4,,,,20,
0xa0dcc980a9ed1fbeb6641b098929ee7caad5c5a6,ALZ,Allianz,0,100,
0xf2cff169cb8202d98ea8a68b0d1e03276f2ef5b9,BB,Asset B,0,,
0x6c6e4697fb25ebcfb09328dfed3b57eac71c1e6b,,Turnio,2,,
0x238f99a33f6a1c78187b5b0d645cb4606aebf9e3,,,0,10000101000000,
0xe0e31f061b7264d0af336d5db0205c40b3341495,,,,,
0x9f27daea7aca0aa0446220b98d028715e3bc803d,,,1,99998647723253100000,
0x62baaca843425a4daee261dc0860347e53c71ce9,,,0,26077324520677800000,
0x71417b079daa6c9b3c5ef536ac21c0ba11c0a4b3,¬ß CISG,¬ß CISG,18,1000000000000000000000000,
0xaa0edcd123aee2533b9d3e1f4a361909c8b2d384,Pi,Piscoin,2,,
0x782495b7b3355efb2833d56ecb34dc22ad7dfcc4,,,1,250000323862932000000,
0x8020e267323812feb6249c0588823520dd00129a,Zon,Zonneweide,,,
0x0308f381bbcc8c0a9fd4cc80b71397c739df0372,%,My DAO Shares,2,10000,
0xfc3d592c53fca0847930514671e2ef8022350566,token001,token001,16,122175937500000000,
0x91e8bb87309023485040c24215924e3afa69bf48,,,,,
0xd0bc7bcd90d4a57143f872bd248279a3dd1a19af,Wh,GMProd,,,
0xf868a1d3de6edf1f33065da994580b4e82a40044,,,,1000000,
0x401c33483f722a62c15a7a581064cbf1942f4f8b,%,Testyuio,0,19000000,
0x920fd40bd2b338948849c7ed0b8daaa2aeb7090d,%,Atair Dollar,2,101000000,
0x516c8b26a1bafc07d3ab4353ff79cdf13f943e6b,aandelen,Zonneweide,,,
0x50e57ada51fa82b5a3de6ebae3d21f88c8d3a672,Peas,PaxHumana,0,1008216,
0x69ca62a9a8c96042d2f00f4dca7caec2303d1ad6,ZAM,ZAM,,124,
0x18841da019fef7af982f5a66badc9ae7762c7475,Œõ,LocalCoin,2,,
0x1d2dbf3610d1a69c8965dfd7ccb28f540e8edd58,GND,gnidan$,18,65537,
0x41f0a262e414e4d63b86dfe203c68e4ed88657c8,C02,C02,0,,
0xd9c324fa5596d188831afa9716ef78d0c2339afc,Finches,FiNCH3$,2,100808001,
0xefedd3ce0c51f185cb4250439309462496441127,~--[       ]‘Ö(‚âñ‚Äø‚âñ‘Ö),Hashish,8,4199995800000420000000,
0xd04fa77db62e9f18130db565fb5857b66bc5e0bb,P,PPP,2,,
0x1c97e511fbac727c2748077d59fdea8d5dc9caff,SDO,StromDAO,0,25000,
0xb8013c9747239a30337f291fa6ed1d164647ecf8,%%,lockecoin,0,10000,
0xf8f31fc73f2a16002cc9c96af465e50efd74469e,,,1,0,
0xa86940ca544dff04a048399099584984de759d8a,POS1,Poskitt1,2,10000,
0x3cf9b49ae29c1ebfa17053889e58a28af19626c9,$kwh,myKwh,0,,
0xf88e5d3cd7053130c0fbe01b122f74e085165138,Euro,kwhcredit,2,,
0xa7544fcab57ad7a02555aa7740379556d63274ae,KTi,Kaley Investment Trust,0,,
0x5d789ca0d2589b82c64bdf5263ca21676dbef929,U+1F354,BurgerCoin,0,0,
0x218537af4649a5280d7457508ee8e64e6ec104dd,,,,,
0xf9a54748f1b193b33d09776095b171fc59d29509,PBC,PayBis Coin,4,1000000,
0x491ae372d61c2c8b2b02791d37dee0b058a3c036,lc,LeCoin,8,,
0x23b92f5568fc401b4123c9efc68a5ac541de530a,MC,MintCoin,8,,
0x84337c8497a0ba01e050b684524549c092af448f,A‚Ç¨t,Ath EURT,2,2010000000,
0xcd30925521a170e86bfad2e8b6cfdc52e12d2b94,BRN,BRENDA,2,10000,
0x2df8f1448e50fc36969048beea636d5a7cc71c64,SMSH,SmashCoin,6,,
0x4f3bd8e4d25e8d67c1ec164e1b0fd0eecf0b21dc,Ori,Ori Token,2,1010000,
0x76526e15a5513583876acc8c24cc724f1af30c6a,,,,100,
0xddda8fb5460883e68854d62d1eff8046a28c0352,TRC,TRC,8,,
0xd71925058c255a991dd7a0fa8c100b447fd9db85,,,0,2014,
0xf5cae5e944dbb4499cb4cfe09d06e7cf484001dc,KCoin,Kyles,4,,
0xd9c8ce498cc5c27d7155835c54b51188ab2ba87a,C02,C02 COINS ,0,,
0x3693fd44b16dc9316ed69a029985b3170dc11466,DCT,DinastyCoinToken,6,,
0x4c25fd5fad7682ec45d6f37f823a8b550fe13a2d,,,,,
0x2f182f9c5c611b440f56de7c51160b5cb13f8ef6,Wh,Gin,,,
0xcef30b40a1b5d38edc4545be7b52575f3cc5b738,,,,,
0x368dd260f39f5f04c29fb334aeffc17e43af7d4a,KP,kaffepengar,8,,
0x70f4a2f25166e5d1a8a1435df58fef50b8c66cd6,,,0,2100000000,
0x1c48c43990837e1956db8d8b000df2af7491972d,,,,420000000000,
0x5dd6361ca07e0fbaad28bbd9891f36486b597936,%,gfcoin,2,10000,
0x48b47d3df0c7451414dc47c5834be6449e922de7,Au,Gold Bar,0,,
0x59b48f063056db2a550822cdcaae091b0f4f8d57,[Elite's],Crypt0-Bear-Elites,4,,
0xa332b03fbadb305a69f50d45daf051a2353d701e,JC,Jcoin,4,21000000,
0x32d575dcefe8e42b358ca525367904913659d566,XXSMBS,SMBShares,8,100000000000000000,
0x68ab4efa113074175188e478bd36826e2710a553,,,,4284000,
0x20cb021461487a3ad6b2d105f3bdc77318140a71,ALZ,Allianz,0,1000,
0x31c6c32f1173640ff2aacaddb90cfc8a57d18eac,coindigity,,2,,
0x75ac19045e7b4b96f7840f8fe9e2e255093bd52f,XAUR,Xaurum,8,7118613899216098,
0x5c8536898fbb74fc7445814902fd08422eac56d0,,,1,205006432347393000000,
0xf00ef4a99128c6fe0c5df6ca8557862aacbf6a54,KTF,Token of Friendship,0,150,
0x804275083d1095c6447861d77e840567623fdab1,BB,Asset B,0,,
0xfcd05ab5267440aa573bb61294131622f61c8225,LOW,LowCoin,7,,
0x547194eda545bfef553177c84e182fd1d46840a4,FRP2,Token 2,2,100,
0xc3f5a5f909fd844a4597e5e2bdf6567c02d7cb46,VOW,Vow71,2,,
0xb5f94312db1703969059e240ea8ed615cce639d4,,,0,20000,
0xec9b5c65d6a89bee1b1a122c98dc0b8781a802cc,PEB,Puer Coin,4,10000000000000,
0x19eb6fd2942be30c86e5bb8774db3a5abb380cfb,WED,WedyCoin,4,1000000,
0x88dc286a6a95935794f291b2e967be343bc761d3,TPIC,Toothpick,0,,
0x233e0293c08ccde00aefe00f30ac4be3c2f3ab60,TIRR,Test Rial,0,1000000000,
0x2bf4a701470dfe06babd313926a1ebcdcd5806c1,U,UckCoin,7,,
0x457d2c4d1f73899686e431f59bc634bb7f5b6248,BT,BToken,3,,
0x5f35437cb813e53f4325637d83ee6d329beb8734,XNO,XenoCoin,2,,
0x56b8436c5bad2e2cf69956da1bfc5271d7f96797,,Siriux XM Holdings Inc.,0,2207856,
0x9fd205a048cb16130d42f3a1e4f450efa0b1e652,VC,VeraCoin,2,100000000,
0xd51e423eb8d1bd7705bbf59d3dc2eff634733a31,YDC,YDC,9,150000000000000000,
0xd917e598a6931d8d393911f2c825d8c50c6a446b,%,MingCoin,1,,
0xad4bca989714c7062b296e1eaec957275beafc8c,,,,,
0x72d78adaf0d8c33da1195f465104600b7af5128d,üåÄ SHARE,noxonfund.com,0,0,
0xf2b73d4cfcbb873d45672a64ef79a227f2e6a161,,,0,1059123994785146594,
0x647d8792fb8b7d124ca634ebad5b200dc33704ad,,,0,110,
0xa3b66e4f316959326adbf73554202da99216dcf9,LNG,Langas,0,,
0x084f31f255b2c2008ba53d2f58345106529271ca,‚òÜ û ç,‚òÜ x…ê ç  áu…ô û ‚òÜ,4,100000000,
0x29c2a7c7e44dbab61cc96f23a9f62e8383d709ad,Q,TimeFlies,1,1000000,
0x01982884d875764ebf62139cea5efe953428e5c5,Au,Gold Bar,0,,
0xf8dc46c100e0f41745da741cbbb005a4465ac11d,m,mbtc,10,100000,
0xa385f39f498f8585ae1f7479827c3f02ec9a32f6,,,1,100000000000000000,
0x28f7f04fbd122762d43ab27f6ebdefe99451f5c0,@,Kaos,2,13000000,
0xa9fb2951093f26bfa1a426aca0ceaac18d470178,AA,Asset A,0,,
0xe6fe45f04b964a1b63236231ac1e2ea718233236,IC,InflateCoin,8,,
0xd9fbe30459ebf10168d144c29c2100d590605278,ThePIttsCircusTokenString,ThePittsCircusToken,2,66666600,
0x4254c1a1a0ac5870ab4ce7867cde185c972402aa,‚ôû,foobar,1,0,
0xc25eab579cca2208fcbb2d536338a17ffac33ae1,PNC,Power Network Coin,4,1600000000000000,
0xf6402a6c28a06669a3274c42f2c97a01f2c77366,%,DawaToken,2,,
0x679ee057b5640987a7dc0dffccc85c669ac9bd02,LETH,ETHERLITE,2,1000000000000000000000000000000,
0xdcf691860758f2f60f40de93afa6e0814c3826c5,ETH,AiraEtherFunds,18,110000000000000009,
0x5d65f51d4060dc0328397c362f3cead5fb11725a,,,,,
0xf2b112edd8aac585b394b2748c8f9ebf990bb20d,,,2,,
0x465d4aaa17b2db2cf2042519c53879d87836fa34,,,0,36083855529385300000,
0x5926c519e3a4fb875041fcfdacf729cd6c7825d0,TC,Test Coin,,3,
0xb4dc9089f01c113bbff96ba80cfea15348a65c02,CIC,Cicadas,0,,
0x7486dd47230af8210bf7691a3ef818ece164f27d,Euro,aardwarmtedebet,4,,
0x6b6ff7e139d769f827501dcc3aa02b50484189ab,%,Test Shares,1,1000,
0xec0abf20156dc50a291b90c7aa6dc0aa1db7b757,,,0,0,
0xff71cb760666ab06aa73f34995b42dd4b85ea07b,THBEX,THBEX,4,9020000000,
0x3eed371eda66427d49a4147f4975af8abaa54a36,D:,Jerry,0,,
0xcc992b0bb9789e4e323bef8b7241ffe85487c2a6,,,8,121269906,
0x78c82e844f7d180aea19c5bdbc41ec2bd9e76b5d,,,0,20109123994785100000,
0x9e076c2ff713e025760b468d6b22992b487bc644,üç∫üçó,RumHam,8,,
0x17d1403f016e6bd210c1ae4a876a948256a36745,E,E,18,50000000000000000,
0x2cff08352a0e556340bd1a70445e51df0ef3cd4a,HL,HL,8,,
0x626c7aeaaa7957dda91bc0386736620d7eeb4e38,RFC,RFCoin,4,7000000,
0x1016479ef8ef8668a1a1358fa2f99bcded6bbcd8,Zon,Zonneweide,,,
0x17719650ab134284ffbf305eceaf518330e698b3,R3L,CPcoin,2,10000,
0xacd1f7552232b910f565bd8fb884eedf5d0077e7,S,Strat,2,100,
0xc765c38e3a205bd8845096e0bb4d013049dcd7ab,SNGLS,SingularDTV,0,500001359,
0xf72dfc161e92d6a8df931101e380c129dc0e9700,STC,Steem Comments,2,100,
0xd6da8d25e313a39fbd42f4b6eb641b2ed775815d,cEUR,Kr√ºptoEuro 0.1,2,5500,
0xcb9df5dc2ed5d7d3972f601acfe35cdbe57341e0,$wind,windKwh,0,,
0x8ca66a03bc7efbb21b4be74e7989a7752b79bef8,‡ºí,BeautyCoin,4,,
0xf90ef76cc9ff4113de0e08021ff5eac8b58fc8fb,,,,,
0x52d3fbd8fc248cb85d09fe300e932dd25c37c5f5,recol,RecolProShares,0,,
0x253d5902e135aee388e562a69cc3f7fdef4b4741,%,Practice Tokeneum,2,,
0xd445d1c4b6d2f048b566ce6c079d20512985854e,,,,,
0x5efa589df925ec009d0b7f4c8a491dc34e0cd516,%,Mardlincoin,2,,
0xc72303358f6871839b757eb9f06cf71c74793522,TT,testToken,2,10000,
0xb93401588b642496ef9b59c5b42a75dbcd55c9de,IRR,eRial.org,0,0,
0xe9d8f5ff41ccd55cdcd62752b1f9ef0b6c96db02,üåÄCIT,üåÄCITY_blockchain,2,5000000,
0x30b1f3bf2edea9b256f650d9623f39b351031c57,,,,,
0x51c2a98537cc9b65f47a64417e46036adb926071,D,Dinar,4,,
0xfd780d7bd2d0a54715bc094157df163fedfd801c,c,Currency with 1000 supply,2,,
0xb6eec1405170fe0f4e0a5dc229ce1b42014886a8,Uckies,UckCoin3.0,2,,
0x3776208fe8390ef19795f04332d0093169598308,JPBITPT,JPBITPT,0,1000000000,
0xccf35046e3974d541b20de5870ad1a265a3e6a80,M,murk,0,,
0x91aaf9dddf7a414cf801acf17d74403736af2cea,VGC,Virtual Gold Coin,29,,
0xb5ff2bf82d0319470eb277bd44a114fdcc3c96f6,%,Menu Shares,2,10000,
0x6c1190e1d6e50ed1522ece4eb843b9fb48fc48da,CCC,Compatibility Coin,2,8000000000,
0x91f8a3ac5f2592c3da8d272f0fcf866bc0e058b5,KCoin,Kyles,4,,
0x84b5b5b5efc17a8c492269827c27bb3a84b40181,bbl,Oil barrels,0,,
0x9b5ef36a4053342847120d59f3b36257ea53eadb,%,YangToken,2,,
0x2e22889a80c6ae763ab42a8cd58a27c12851b6a9,SHI,Shivos,4,100,
0x9ce7c91a5a7a09f283c49738e3a234770086e5fc,%,Happy Birthday Shares,2,,
0xb6db520eefc853d7d2db9035a3d42a9b53d69e13,,Apple Inc.,0,3500187,
0x05283847acd74d0243a9304a3bed0dd09cb455d7,POS,postcoderoos,,,
0xf690a3d338828ca376db50a7582b514260ec3737,,,0,61313123467834523,
0x8b90618d69f1ea9786d49533ae16b75e86336730,KCC,KCoin,4,10,
0xec665de209a95a5f3e8311c9dc5e2cd0ed8eeae6,HB,Honey Badger,0,,
0xf3d6cd1852c769d8a15a0519dd3133fe8c9060ce,,The Awesome Coin,,100,
0xcd74c0f2936533ce620c680121f8695cbc7d7632,Ag,Silver,0,,
0x2f28ec9bfe4cca27b9bd6d50d558fb95d02b35fa,%,BABYCOIN,2,,
0xf5540ea5638cf4bda40e6e34ebc005095926aafc,test5,test5,16,1000000000000000000,
0xfbc963eb2d06398fbd13fa76bc450f309a49cb52,,,,848,
0x77077e7926914ae1037cf44e0d386a114147806a,MSK,Monty Token,2,1000000,
0x5d8b14110c262a551fe2ce6fb2d613d22998822e,LFT,Locals Foundation Token,0,62200,
0x2b3e697c2b90e3ecde2416e106d61bd0b1deab0f,,,,3100000000,
0xa317fdd3403aedf484571eaf9f5b54b18100c4aa,Ÿ®,Dentacoin,0,,
0xdd5ba5e9e3990c9462d17aa77e46a228819d8650,ZonAandeel,Zonneweide,,,
0x78cadba7f48b8120a4561763cdcc988907b1a596,Ruskies,RuskyToken2,2,,
0xa861793f45906948a9abc04ff32a480d5aea45cb,üå∑,Flor,0,10,
0xdaed62a94fcc5edfcdffac1144386f01ae6e94b6,,,,1000,
0xc16eb677ef4be117da93b1dd2be7d595e15cd9e7,,√Ü,1,10000,
0xfa90491a8abbbc7f873317bf46d981f48eea6003,POS1,Poskitt1,2,10000,
0x24aa48e57711d8683cb8565a3a9bf8a884d07507,%,AureCoin,2,,
0x55b9a11c2e8351b4ffc7b11561148bfac9977855,,,,1400331016000,
0x34ee975e2e7266fa8b10d3c8eab02eeea8732e68,»ò,Shits,2,1000000000000000,
0xe6aa0b71425a34f43b925a466aac4ba8238f1eb1,,,,,
0x8da7f65901466993cd76dbc3737591d58f70cf4e,,,,100,
0x9a0798c4646c409273fa899382f3e4dd11d1d5c9,POKE,PokemonCoin,2,11000000,
0x51f217eaf79a75bc9c7db6f606a73227d98bdb03,$,DigiCoin,0,,
0x166a30f579f0d5c1e79852986732e26ffd6cb0d5,,,,2000000000000,
0xb1d11f0727e6eea6e2704807514a90bf9ff26682,,,0,13075384771066712,
0xe26d837debb2066ad6243eecc8e51cb52e97e1b6,BCDN002,BCDN002,15,1000000000000000000000000,
0x02c8bee99af6d5408ece17ea8f8b10f76edc1cf4,,,0,4259351624036709361,
0x888666ca69e0f178ded6d75b5726cee99a87d698,ICN,ICONOMI,18,100000000000000000000000000,
0x013a88a25e62814aebc96c4786a301c7729d778f,SHT,ShubaToken,10,,
0x4112759718a38911ccdb24c58be0a01a46ef8d82,BT10,Beta10,0,,
0x2d4995c63c1a740a26bd3802d8a3030cd43a0d4b,%,C3W,2,,
0x1b88d58228c20327094c67bc34a1478004985217,%,blue units,8,1000000,
0xa1dcb7539dde1e5d4113cfbec0b59b73208315b7,GD,Gasdukaat v0.1,2,100000000,
0xb73b38bff41831a1540e0e0079f911d56a8bf341,CCN,CaseyCoin,210,,
0xd8912c10681d8b21fd3742244f44658dba12264e,PLU,Pluton,18,20000000000000000000000000,
0x64b35bda8d95738d8ea3d9b8919fe20b9c6a80ad,XPC,PokerChip,0,,
0x328516bcbfe9dad5195ebf30efbcacf33b0dfc01,FST,Fab Coin,2,0,
0x97ecdb302b97630ba39c703f02ab5e2a51ae0c34,‚ò∫,BerryTest,2,1000000,
0xd838f9c9792bf8398e1f5fbfbd3b43c5a86445aa,,,1,19094016499799800000,
0xda1603d84db2fd9a08268608db499a83a38709da,,,0,5059123994785146594,
0x2ff68dd539ca6edc3057b428a09ed283c7673986,DT üå∑,Digital Tulip,0,,
0x90d874da29f9e9098d982dbf8041f42c9c01d48c,BT4,Beta4,0,,
0xc890854d33e76d3208fd4fa9a7a254e269b6faf1,FUZ,FuzCoin,2,,
0xc1dc9cfb310468eeab6fbdc513e9d60d32f60bad,,,,,
0x0edab145c00c3369a97572b9895a3646fc223eca,%,My DAO shares,2,,
0xf4c64518ea10f995918a454158c6b61407ea345c,,,1,269565591797974000000000,
0x54bda709fed875224eae569bb6817d96ef7ed9ad,,,,385,
0x6537823d38f07961463539cc7ec257bbeb2c0aec,,"PayPal Holdings, Inc.",0,586361,
0xc1a1802effe0b3aa0d299e676d2eac0e30608a12,TC,Testing Coin,,100,
0x5f6ea4a9fc88259d0991d20576aa24bfb6be177f,,,,,
0x243e6dfd2aa63de76ac5dd8a239eddf788715138,üí∞,Coin,3,14400000000,
0x1f0b9db5bb0f2a60f8c8824cec738c15805dbdec,NxC,Nexium,3,,
0x72b8f99d7663009607154a55a783ee6e4fbfab9c,WH,WindmolenHaarlem,,,
0xa85e234d071e5acc1d91badd306ed601a38575e8,DAC,TheDAC,0,1000000000000000000,
0x4e70d72e4752c3db8d25b5edd3eae6f8c790f6e5,,,0,,
0x0f353e5aad5fb36ca03a699e533b56376447eb27,%,Shares,2,10000,
0xabb6de07f9aac9d88bd74bd931a8bbbce1a1860d,üñï,Fucks,2,,
0x3674c3f4044fc9e0320d6b35eb58087348cf45b2,HLL,HuangLeiLei's Token,2,,
0x79604f5d24ee15df93f247a102f55a44c9dd749f,trads,My DAO Shares,2,,
0xab3652fd492fbb0d6b63acb742f3ed12afbaef52,BiZ,Bizilicas,2,,
0x65425e82848b287368f261f56bb13e9b8bdc949d,SPK,Spooky Dollars,0,69000000,
0x59feef47003b038bc975d4bab59a92f281b05a76,,,0,30809351624036700000,
0x288fdd651554369d4da44741328a3193fa31947e,AA,Asset A,0,,
0xbc07118b9ac290e4622f5e77a0853539789effbe,,,1,5634097608979250000000,
0x0fb669642d97a6f8c7cca630f9ac0963729f61b5,%,Kandy,0,0,
0xcb599a6f65d826f7a96ebe884a599f17fffc989b,WL,ShaopingCoin,8,,
0x29372e9a568696fd9444d799304625a01c544148,‚Ç¨,Euro,0,,
0x19e035fae8230982349f65e461c52ef47da89013,P+,GreenPower,,23197,
0x9fb7871e3e67fb294e47d11c1747ef3793425bdb,NNT,TNT,18,2439024390243900000000,
0xc4244e0db9bf6b1e2904cd7a00e4f128fbb945e7,Au,Gold Bar,0,,
0x75f563c7d842ba1534535000c4c4a4bf78a2be44,SUH,GeorgeCoin,10,100,
0x8b28adba046a1ba296fdf1b17a1f562bf28bd3df,TKO,TKO01,8,,
0xe4c94d45f7aef7018a5d66f44af780ec6023378e,,,0,70000000000000,
0x9b37508b5f859682382d8cb6467a5c7fc5d02e9c,PDG,CrowdFund DAO,0,,
0x3d5467556a30a4564a71fae894f374dd2ac82f92,g,tuna,0,,
0x6eefd85f468f48d5a6444211ed92f709db7c3284,,,0,61313123467834523,
0xb66a2478db78ba8704e6344dbbe5c21b700ea678,SM,Soma,42,,
0xf4a5fbd6deb3c10320b455cb10f10929e7c72ab6,%,T Shares,2,,
0x431e5bb3a84559ee9b3ac0b03952e642141a2522,HDI#,Hempe Distribution Inc Value,3,300000,
0xacd87e28b0c9d1254e868b81cba4cc20d9a32225,,,1,207153967008322000000,
0x1d8f6083b6b3f87ff2b5a9ce49276b33cbb479ce,%,Sankara,2,,
0x38b1a2d1ccab24e8c8e66ffbacfd54a0b049186d,√ü,catenaDAO,1,,
0x25f7b23ead710dbcc3dd3006083a8f202611ba47,TT,TestingTax,,5,
0xbadaf67a4fd952f225fc1e38e51cb32d8ea20d4f,-K-,Myfirst,0,,
0x7ce508b1b63a0ec452e9c285ae35f974a494af87,MSK2,MK2,2,10000000,
0x20f8cbe0459ce357f23e2dc42827fe9413673e9f,%,Shares,2,10000,
0xe6069d0158fddf0fd9b13f8f9fe69829c4b869ed,AAAA,asdasd222,2,,
0x1fccde3ab21f442c72d70902dc4b8bf662ea3691,cc2,yangtest2,0,1000000000000000000000000,
0x08b54d4f5877ee091e31e92523b9791df9efce93,xyz,KgCoin,2,,
0x11dc9acbbd6eac0096ac6d08beb36121303f4c0d,,,0,10000,
0x9535932d6d5262e5beff6a75b19f092be3b5fba8,Ô∑∫,Warm Fuzzies,0,7500000000,
0x72f815afbb61bf4763f8eadfd70f0920f825a4f3,%,My DAO Shares,2,,
0xd20dda55e5b601cca5e295fcf6ce9c6dfcc5392e,[,EthbitRC,6,5000000000000,
0x1bf963724a03dd8649950133eae1f3f0e0c9caab,NETS,NetsCoin,2,,
0xc9509bcef93a85d241b23a0b9939e6c1b1b599c9,%,JPC,3,10000,
0x274fd8346e35fc600f56b58992ed572350799a21,$pcr,postcoderoos,,,
0xb723ee7f721a60ac007c69554fa047bbbc062a19,,,,,
0xec5e34963e2bbecff309d5581dbe1a21f428fb2b,BCDN003,BCDN003,15,1000000000000000000000000,
0x754ce33f0ebddec71f9b24924f584ea5a3c30e1e,D,Dinar,4,,
0x60056570a35a587fee888fca1946591c189884b5,DDTT2,DrugDiscoveryTokenTest2,3,120101,
0x57eef80142c9936e3a562726aa1cbca5530a7d5a,H,Hans,0,1000,
0x9ce14dc2a21b1e41f443b69ed018442e1872b4c4,¬¢,CARANDAY,2,1000000,
0xb18c114b52dbe2d91d62569356207399aa42ad2b,7W,Waves,2,10100,
0x60c61e8935dfebc1e183422821b561fa0da5cebf,CNT,ConsenSysNorth,33,63,
0xc770e485786f12d4776ac6b2437359fd4b7579c4,CTY,Cinty,0,,
0xe96e8fa3c8f814aa8083e34c8e6818cbcf3a65b6,CE%,Central Euro,2,,
0xd7747ea921d5f891accc3384e6712992e9465adc,,,,250000000000000,
0x93ba0ca7c70c8cbbf4088f88b2db5a706c08ee73,$Jer,Jeroencoin,0,,
0x077e66fc3348199f86c67557af0444aa28390e88,%,My Dao Shares,2,,
0x28e5cf32a8acea8840294ac6faf9d78a66cd65b3,TLREC,REC Tokens,3,1000000000000,
0x9b824dc062f232f954a8422842bb4bd2eace496f,%,TZIcoin,2,10000,
0xe4d9622497d3eace0e019f272f0061b6c1081fe8,BT12,Beta12,0,,
0xcb93a407409a18eba3a063350b44995c72884121,,,,1000000000000,
0xf87593f519e9d11adbdd66f2c8c10ab434770bb2,$,US Dollar,0,,
0xa8e3d37fc7c6a4d1d05fb9f0afbf443bdfb468fa,,,0,100000,
0xb1a29a91f8d384c547ccbf0ffc71db767639dd9c,RT,Twitter Retweets,18,5000,
0x0643b1b93df3a0e8870091824931b0f50412e77d,ERICS,ERIC,2,1000000,
0xfad8942e3e0c4555670a70bfc4d23cd2e6800d1e,JC,JesperCoin,0,,
0xa86a77e83bcd3d38153c3a5ef962b44da37e119e,‚òºLIFE‚Ñ¢,LifeCash,2,7492954337,
0x73f17d81e1cebf085bfa21f93d5ee47bd50110e9,,,,,
0x5d5fad83359d4ce904cf495208211f9b216252dd,Wh,GMelw,,,
0x24734be5af7e5beedb0df0df91f762969c056176,B,BMoney,0,8000,
0x27cb40ce7eb4d078196923d608eb903a17e0c0ed,,,,,
0x5b321e9d3d186cc89838c493a363a43044ede2ac,Au,Gold Bar,0,,
0x8bb27e2f4c861c9e49c204a3cb1524e2b5cdc2e0,@,@,0,12999997,
0xe316bedb25683134e78b3acd570770c9e52bda43,%,CoprivniCoin,2,,
0x17fa509a1dbf82e7173072e70b95e264dfeeabf5,J$,JeroenCoin,2,,
0xdaf416596f5fe4de1caf6c1edd1a4e8fdd401d74,HC,Happy Coin,,1000000000,
0x18e9398595a9ee1190ed9fc0a1afc3c911010d7a,,Widgets,0,,
0x7432c1b57f1b57375e0e14d5eb699bf377a2be49,%,First contract,2,,
0x492ea3bb0f3315521c31f273e565b868fc090f17,,,1,367380383063135000000,
0xa6c46bf87268241c69b8e573f515ce27ca5e110d,T$,Test Dollar,2,,
0x6d3bdc4d76a4e38cadd53a9f71b3a4950156a205,%,My DAO Shares,2,,
0x90a38668249f714fe628eebb78f4da488031684b,,,,120752974,
0xa5ecd2e6c2fa54d6b48a2ae8f9a94a95731acf3a,MACD,MACcoin,2,100000,
0x31dd6f2e95124277e0ba314deeb4975c7b051bbb,,SolveCoin,0,1125,
0x50c8bfac03f030655632ff4ce1edf60264852af6,here,beta2,12,,
0x8aae0eeecc9544c018fa567a3eaf4671cbb91e7f,,,,,
0x45e42d659d9f9466cd5df622506033145a9b89bc,NxC,Nexium,3,66509518500,
0x55f118f80ac1731e6961d93cb3c6b66bd7b7b99b,GOD,Godlcoin,8,,
0x7c0e1121f5a19ed5103f92a79ea3e2988a9349e6,SNGLS,SingularDTV,0,500001037,
0xecf3dbc42d183d679886129ef3428341b20561b1,¬ß UCC,¬ß UCC,18,1000000000000000000000000,
0x99fa9dacec472b54ff14e9adad51901a97da83d3,,,0,5000000000000,
0x75438d3290391e1f72c0a396b68b4fa2a9f6b502,BB,Asset B,0,,
0x98e445d52310b0842ccba0b0b751e11faf55c854,,,0,5000000000000,
0x0509cbbb4c1452678d2e8f9939751cf49d7a7bfa,∆í,flurkelcoin,2,,
0xd92c36f15a43b97a19bfa5fc25a025b19946e4e6,D,African Gold Dinar,3,4293587860,
0x8e5e74aaf59488bf6043702541d98f270c7f72f7,star,StarCoin,8,10000,
0x9b111e08ffad98ad4f493062c65a3a95319d7443,%,BitmoCoin1,2,,
0x24fb39f14751e5a71dcf1da7d2cae72fbac13fe1,D,Dinar,0,,
0xd88838359c8ad2fa9577bd3e8bfe1cc49b70ac47,Wh,MP,,,
0xbb9bc244d798123fde783fcc1c72d3bb8c189413,,,1,11538165987024700000000000,
0x114bb2b204294032b25acb7479172c98645a01d5,Wh,Guse,,,
0xc3ffccd710676d1bab6e206f14225cb1ba6c684d,WR,White Rabbit,0,,
0x5a165b5223200a52a2e0286742aec6ab0e47bd93,THE,Ethercoin,8,,
0xbe63d3236994cb44d3817a5aef6a9f7b67cf78c3,Gz,Glezanium,1,,
0xc2f51820454ace6a7b7529095d46aa0a3fddd0d9,LP,LP,2,99000000,
0x02c118196903c7a9e23ba718d40dccc6dc1dbc46,,,0,1061313123467834523,
0x83582dd5f0aa86b921202d477c2489ee42ed64fb,MKP,Matt Karma Points,2,1000001000,
0xb275afa5d367a50dd88ebc8296734e274186b7ae,bbl,Oil barrels,0,,
0x1a5577d9ade7a56a1113c9042179220f49566933,AC,Another Coin,,10,
0x0042c05da475fb35e57a31296b08ebf84c1d8dd0,LF,leafcoin,2,,
0x6a96617620e179edb6a1a7281952842dce8c7e83,$test,test,,,
0x2c1a3582c34b86de8db0abb494ede372ecb9eaa5,,,,5000000000000,
0x0f4b7a95c414d2bc0bffab6543ec7bf1ce1ec4fa,Wh,PowerToken,0,,
0xfc4a70cd92b32a687c45c1f1f6f4920a9d852f13,‚Ç¨,Euro,0,,
0x8595a475d1c9a9d1468aad3a8809616c92998bea,E,EtherDollar,4,,
0x5c40ef6f527f4fba68368774e6130ce6515123f2,,,,344917580854977000000000,
0x194cc7cbb12f3460760ab67b256e29931166dddd,^*^,JAISR,8,2000,
0x1e8e22c878119d341c03b859795ea55a5ef21c18,P-,GreyPower,,187,
0x3b535aa8d487dfe4c4d7cee4df084b00a448d330,evt,evToken1,2,10000000,
0x128f975e565883be4920309f5b9ebc3c7572e79c,ZebCoin,Friendly Token,1,,
0x1bd2bbbe1649f2d584d7fbbed289684c6ed61581,AA,Asset A,0,,
0x3b60515a6a7c7b30e2977ffb3aba1ffbed616b0a,VSC,VisionCoin,2,,
0x4bc13752568b99036692ba8b1db2c97d6df457f4,AIR,Airalab Credits,0,1000000,
0x3a35ee166d5cf3666ade37812aafcc9706512d6a,H2O,Water,0,,
0x1e0b0348d11e79ae3efbcc89fb6a70eee05ae18e,‚òÄ,CryptoGrow,0,100,
0xefe0399d08a2278b540f3167c2a502dc0702a8b0,VC,VorontsovCurrency,16,10000,
0xbe18d07ae7ba4bc105eb28a99b8b3285f34efcd4,Wh,PowerToken,0,20,
0x770c9cdcfa7e1fdad5f19efda5b86accd827717d,,,,10000,
0x194d26307c4ddbcf0dca16e6e36706fcddfb391c,M$,Martijn's Dollar,2,,
0xad285de31c3acd0548bd6706840d089b1a04eb87,R,RobeCoin,0,0,
0x7e206710d199905b8d5f3660318ccff6090e5615,,,,100000000000,
0x1a754671662e7e419bbfeac6abf6525237c808db,STKN2,SviriToken2,4,,
0xaceff0c5a26d508c3ca95a9270b7fa817692830b,%,GS Holdings Stake,0,,
0x2d5b6ad223654018aa31c5660a48fee33d016adf,,,0,10110,
0x784b994d413f8c665af1b464a9cb5483f1b181eb,Au,Gold Bar,0,,
0x330163b46dcfcf534673a088bc2f81504045ab09,,,0,100000,
0x56a46edc89a0f0e04687cef43229afb43560745c,!,leenarium,4,,
0x66bfad868f3fdf170c4190076084c07e1fda6851,T,Test,,1000000000,
0xa1d3e6813cd5a3a4fb0a91a92acfd8661185b657,TCF,TCF,0,5000,
0x790262b3fce1962a09762176f00de765f6ae916e,BB,Blob,0,500,
0x601cd6a21c419adab360e5d199683cc9a31c7f39,,,,,
0xa72ba8665992f2d48851bca8889e320f67b12557,BCDN,BCDN,15,1000000000000000000000000,
0xd164b088bd9108b60d0ca3751da4bceb207b0782,,,1,1000001295451730000000,
0xd7bb83fc1777fec0abbd01dd27ec86871734cfe4,CAT,Catena,2,,
0xe9439478f5de235285ffbbf9ef9725a287f0f8ab,BB,Asset B,0,,
0x1f9f0e0071172b9b77d5fb9905af3a1341529b86,,,0,32197763894698396,
0x103deb1653dde7342062c964a30f900155a6234a,,,18,176360263327101000000000,
0x182aa594ae7f55d0843336e09c5347826af9ec71,E,EtherDollar,4,,
0x4613f3bca5c44ea06337a9e439fbc6d42e501d0a,,,1,28927603152430300000000,
0xf92bb30f072537a83ec4673feeed228b7c66a97c,$pr$,PR-DAO Token,2,,
0xdcc7f406c8664e1cc7482b23f6a2a2887573f1c2,BAUTEST4,BAU TEST4,9,1000000000000000,
0xe5cb6fa28856df6f49153798a8c0afe7d53a5423,GLY,GLYCASH,8,100000000000000000,
0xfb667a6cf7ebc3df94d8bbd16af31b03c49295b4,%,My DAO Shares,2,,
0x182ed89f139b5e3f875c8b1f943c04e72388c74b,%,CraigCoin,2,,
0x118efc621d9dfd1e8e2e6a6ed89020e8f7eb4159,KEC,Ken Evil Coin,2,5000,
0xce8e6babf226ef0520bc1f1a27ed3bb720b0983d,BKS,Bucks,2,1000,
0x3ee899136938ef9365e4717b294835c3eaf0deef,zonnen,mijnZon,,,
0x429e05e4e278ab292daa0197bd458eef18855f57,%,DTCoin,0,10000,
0x064f5fb7847e5a91bf3458f28f3435d3e0056bfc,FC,Future Coin,4,1000000,
0x0a58a225ab9d34d04d85f456d1e36787bec4f5ac,YUN,YUN,0,1000,
0x597c2a95f28c21b16b3cd8637c5534b326763da9,…É,BiafraCoin,0,4500000000,
0xa2f1ccba9395d7fcb155bba8bc92db9bafaeade7,,,1,5000006477258637377,
0xa7313a8d152b7c8860e8ab697c072becb474101e,,GMTINCORPORATION OBLIGATIONS,0,3001010,
0x8f7c15a0af39606ebe2726eb488062d2524f13e8,TC,My Tips,4,1000,
0x9e1c8cb7a21cac9c4ca8ac75fd3bf55e66c1c2c5,%,My DAO Shares,2,,
0x4deb0033bb26bc534b197e61d19e0733e5679784,,,1,1256101627216910000000,
0x47ed618871db5d3c560a87b91959da2a8878d9f6,%,YakuCoin,2,,
0x490d77514a359c313c1206992e1981e34c217a21,üêé,QBucks,0,0,
0xe0334eb3926210d42e3b6b5739f40d8ab6f5a31c,XNO,XENO,3,,
0x36a128674f657fa5f4dd94dca0054e20d6c35f10,Ÿ®,Dentacoin,0,8000000000000,
0x9dcb60a57b8c0713b69b1dc003620dd6c6f26223,%,Pineapple Creative Shares,1,1000,
0xc03c9484a5eeb54f46474909c987e899ce543135,**,tokentest,0,,
0x70bcfbf17abe2d2c7bed8cdd72b160f39048fd23,P-,GreyPower,,3361,
0xa9aff9d7e783b7c30ae54a2038255f73c26a6fcf,HB,HoneyBadger,8,,
0x802d7363ff914ff2b48ca943c099b0047f93fd68,%,new guy,2,,
0x93283c9dcee03fa5e452ccde96bf988b970c36b8,@,meetupcoin,1,,
0x6c878a4760fb1afe5751d9979b4fbeeec3072a30,$,PointlessCoin,3,4321,
0x4214a91774c7c82a079a81a5ef108363db1e2961,E,EtherDollar,4,,
0x2d5dd1ae7aa41e43b80071785545799fd556c780,,,1,700000000000000000,
0x1a93352278e3fbc91c3a8e43a72b734d91ac0d7e,GLY,GLYCOIN,8,100000000000000000000,
0x8e597bc2e708f83ddbb74355f924397676877cde,,,0,12000000,
0x0d5781131e377e20b7b8ee5f0231ff8f91b4beb1,~,Food Shares,2,,
0xdd239298e512427ba98b6602e4c8050c3e21f58b,,,8,1900000000,
0x33537d440a2d2814b23d175b9330d7570b63c5fe,Bgol,LogB,0,10000,
0xea59080e96a5d83a2a5e8637d226fa22dfa83bad,Kz,K-oZ,0,1000,
0xb465b9ec037a06dd52e743ed54fc5447583f7b70,,ETokenETH,18,113939125010000000,
0xa74476443119a942de498590fe1f2454d7d4ac0d,GNT,Golem Network Token,18,494877024966322000000000000,
0x2ce3b95d043454d648fab4dbc0acf894501a0eea,ATA,ATA Fixed Reserve v0.0.1,2,10000,
0x7b071c7c3257a6f14860b61529d15a6721868015,,MoonRock,0,,
0xa4bb9afc41b1201b227de34a2869f13227ed8385,E/,MicroDAO,,,
0x36fa1ac86209cfa7b9c46764ff7f03bf8e80907a,BIT,Bits,8,,
0xd2b5f40a92d59cfce36a754fe1ab9e0723590ec7,DTN,Daniel's Token,2,,
0xd654bdd32fc99471455e86c2e7f7d7b6437e9179,,,1,14870898080602,
0x0d90b565cd67733f70c21fe38f355e3469012856,MB 2 Test,,2,,
0x01fed1f425401bcff14922e589a66db955d7b589,M,M,,1000,
0x01e60b511fced1eb2b5b40991eb1dfd171a6df42,,,0,39776170192948200000,
0x53c5571d750cf483f9e717b7d2b2bd2ddae69889,,,0,,
0x2c8b1d746478b7a431d3679439c9cb0c6ae9d577,MS101,MyService101,2,0,
0x94f593112b0294591f89ea40c3355d1bcea41fe8,,,0,1032197763894698396,
0xb66329dcc17d7a191f1fae9fea419eaaf5bf4196,,,,,
0x8f4b94dd6e67ca7d444185bfe66b2305ced90c6c,UC,UCoin,2,1000000,
0x28297291aebef85bed1b15b9d5fca3146c6ebb3f,TNT,Token Network Token,18,2439024390243900000000,
0x1f797150945b43dbf114245abbb64495c237518d,PKC,Prachakij Coin,0,1000000,
0x936f78b9852d12f5cb93177c1f84fb8513d06263,GNTW,Golem Network Token Wrapped,18,20765347718265000000000,
0x9ea779f907f0b315b364b0cfc39a0fde5b02a416,,,1,15839461690131400000000,
0xff63fc4dd8c0f69e4b33d4d31cfa996e75f717e5,,,,5000000000,
0x439aeb373af18fdcaf7739d1c9a35f9889f8e466,,,0,32197763894698396,
0x9da76e5e93d6b3c0b16dcbc9cbfddd06111bf2fd,$,snorre-test-token,2,,
0x4751f312382005ac353acc6fe4918627949f45b6,$,US Dollar,0,,
0xd642a3d338f0e24146df98b853ed299b1745aebe,,mijnZonnedak,,,
0x75089f9072b4fbe4611a6786ecc3dc74e61115e3,GNT,Golem Network Token,18,1219512195121950000000,
0x1bec3e748a69cad094caf96ddaa0e7c2ae857246,‚òÅÔ∏è,Cloud Coin,2,,
0x0f9719154ded7f84f0c5239a7e74804d8522e6a0,LSDR,LiquidSDR,2,,
0xefe210945bb1dbeb0dc66a65e9e3db7146dbdc47,‚ö°,Bolts,4,1000000,
0x96b60d8ec3e6588692c423c566bf96672397f572,,,,,
0x80c6fd41ab7ceb8a6c41fd5766ebec355056d686,Ag,Silver,0,,
0x43db3f99e28fe2dd9783b061a7e9d2f16b1fcbc7,,,0,261241954941433846,
0x1cf265582e7ccca20cf85808bceaf92f4d97bca9,%,TomTokens,2,,
0xf86579112fa089ef7d581f251138f7cb1e0d287b,,MB COIN,2,,
0x2fa609e6e19407b36c71283c76fbdea401cbfe2c,%,Unicorns,2,11000,
0xa8ba2b4cdb04f3052b76ff657c49f6255a287c25,GLY,GLYCASH,8,100000000000000000,
0x0352558127f0cdcbfa111eeff75590fc562e64d6,,,1,600000000000000000,
0xd4b7ce029cc1b13665e98dea83c3ab51f687d3a3,amorbi,AMorbi,0,,
0x7498dbf5f219f74e4218b15e53d253708078d4c7,MRC,MoonRock,4,,
0xd5d15cb78527e0efd7c4d365efb47c31cfee3cce,,,,20,
0x3e6a4c18ac20a8b989c55b0b39fced4e6617e984,LC,LoveCoin,8,,
0x633481a3b00cde2121c0e8ec8f771649d462fd58,,,,1000000000,
0x80a8c746ce8f2ebed003bd70e2e9a4a9f17c2539,%,MikeShares,2,,
0x6b9b275da653e270c0ad462a0e3dcd9906719fdc,®≥ç,ETHDEMO,4,21000000000,
0x44021ad2e70a28193cdc81226087715d6e4f29c0,bean,beanies,2,,
0xdfabdb8b2824aaca326b34c70989bc1cb8574d0c,Euro,wkkwarmtedebet,4,,
0x1a0dbcf7d58edc7891ce956b27db4820ae65b14a,,,0,100000065,
0x1130547436810db920fa73681c946fea15e9b758,btc,bitcoin,8,,
0x65c6a77bf78a6aa5bbb2075026ab027b8c920261,,,0,20000,
0x665160512e89ff549dc0971318a74bc622a056e8,[,EthbitsTest,0,1000000,
0x17bc2adcce3b48c720eb68d4a644ea031b121215,,TEST,2,200,
0xdb77368f31992fdb702d472871741e237bcf3b5a,,,0,10000,
0x32e79a4f84861a83772a81d258270b2e51849fe2,bcdn008,bcdn008,16,75000000000000000,
0x550823842d63fce65c8c2903bda07c91f6e781c3,,,,,
0x61c749bbf614e968779f72d24f5c1eacbb55825c,&,Max,2,5000,
0x12f38c8b215fe7ff25042a045a7961d35335e7fd,$w,mijnwind,,,
